"Nombre","DireccionCompleta","Localidad"
"ABITAB S A Capital","PRESIDENTE BERRETA 551 esq Treinta y Tres, ARTIGAS, ARTIGAS, Uruguay","ARTIGAS"
"ABITAB S A ABITAB Bella Unión","Avda. Artigas 791 esq. Ferreira - Bella Unión, BELLA UNION, ARTIGAS, Uruguay","BELLA UNION"
"ABITAB S A Capital","Eduardo M. Castro 305, ARTIGAS, ARTIGAS, Uruguay","ARTIGAS"
"ABITAB S A Capital","Rondeau N° 60 esq Gazón, ARTIGAS, ARTIGAS, Uruguay","ARTIGAS"
"ABITAB S A Capital","Luis A. de Herrera 539 entre Princivalle y Catalá- Tata, ARTIGAS, ARTIGAS, Uruguay","ARTIGAS"
"ABITAB S A Bella Unión","Av. Artigas 1599 esq. Treinta y Tres, BELLA UNION, ARTIGAS, Uruguay","BELLA UNION"
"ASOCIACION NACIONAL DE AFILIADOS (ANDA) Artigas","RINCON 302 ENTRE AVDA LECUEDER Y PTE TOMAS BERRETA, ARTIGAS, ARTIGAS, Uruguay","ARTIGAS"
"ASOCIACION NACIONAL DE AFILIADOS (ANDA) Bella Unión","AVDA. ARTIGAS 813 ESQ. FERREIRA, BELLA UNION, ARTIGAS, Uruguay","BELLA UNION"
"NUMMI SA Banca de Quinielas de Artigas","Luis A. de Herrera 328, ARTIGAS, ARTIGAS, Uruguay","ARTIGAS"
"NUMMI SA Cambio Central Uno","Av- Gral. Artigas 901, BELLA UNION, ARTIGAS, Uruguay","BELLA UNION"
"NUMMI SA Cambio Revatur","Lecueder 313, ARTIGAS, ARTIGAS, Uruguay","ARTIGAS"
"NUMMI SA Cambio Iberia Artigas","LECUEDER N.499, ARTIGAS, ARTIGAS, Uruguay","ARTIGAS"
"NUMMI SA Redpagos Cachito (Santiago Andres Gehr)","Pedro Acosta 1501, BELLA UNION, ARTIGAS, Uruguay","BELLA UNION"
"NUMMI SA Redpagosfacil","Veinticinco de Agosto 111, TOMAS GOMENSORO, ARTIGAS, Uruguay","TOMAS GOMENSORO"
"NUMMI SA CENTRALSUR S.A.","AV. CNEL. CARLOS LECUEDER 963, ARTIGAS, ARTIGAS, Uruguay","ARTIGAS"
"NUMMI SA Gehr Magliane Santigo Andrés","Av. Artigas 794, BELLA UNION, ARTIGAS, Uruguay","BELLA UNION"
"NUMMI SA TRADELIX - ARTIGAS","Wilson Ferreira 340 - Artigas, ARTIGAS, ARTIGAS, Uruguay","ARTIGAS"
"ABITAB S A Las Piedras","ROOSEVELT 612 entre Avda Artigas y Gral Flores, LAS PIEDRAS, CANELONES, Uruguay","LAS PIEDRAS"
"ABITAB S A Capital","Batlle y Ordoñez 557 entre Rodó y Tomás Berreta, CANELONES, CANELONES, Uruguay","CANELONES"
"ABITAB S A Capital","Treinta y Tres 328, CANELONES, CANELONES, Uruguay","CANELONES"
"ABITAB S A La Paz","José Enrique Rodó 359 esq. César Mayo Gutierrez, LA PAZ, CANELONES, Uruguay","LA PAZ"
"ABITAB S A Aeropuerto","Ruta 101 Km. 19.500 s/n esq. Yacaré Estación Ancap, AEROP. NACIONAL DE CARRASCO, CANELONES, Uruguay","AEROP. NACIONAL DE CARRASCO"
"ABITAB S A Ciudad de la Costa","Av. Giannatasio Km. 20.500 Local A 07 Shopping Costa Urbana, SAN JOSE DE CARRASCO, CANELONES, Uruguay","SAN JOSE DE CARRASCO"
"ABITAB S A Parque del Plata","MARIO FERREIRA Y CALLE 8, PARQUE DEL PLATA, CANELONES, Uruguay","PARQUE DEL PLATA"
"ABITAB S A Canelones","Batlle y Ordoñez 960, CANELONES, CANELONES, Uruguay","CANELONES"
"ABITAB S A Abitab 26-1012-15","Ruta 11 esquina Diego Lamas - Santa Lucía, SANTA LUCIA, CANELONES, Uruguay","SANTA LUCIA"
"ABITAB S A Las Piedras","Avenida Artigas N° 810 (Hipermercado TATA), LAS PIEDRAS, CANELONES, Uruguay","LAS PIEDRAS"
"ABITAB S A Pinamar","Ruta Interbalnearia Km 36.200 M 58 Sol 1 esq. Av. de los Pinos, PINAMAR-PINEPARK, CANELONES, Uruguay","PINAMAR-PINEPARK"
"ABITAB S A Pando","Ruta 8 Km. 30.500 (Supermercado Devoto), PANDO, CANELONES, Uruguay","PANDO"
"ABITAB S A La Paz","Av. Gral. Artigas 749, LA PAZ, CANELONES, Uruguay","LA PAZ"
"ABITAB S A Marindia","Ruta Interbalnearia Km. 40.300 esq. Del Ambar, MARINDIA, CANELONES, Uruguay","MARINDIA"
"ABITAB S A Sauce","Montevideo 2170, SAUCE, CANELONES, Uruguay","SAUCE"
"ABITAB S A Paraje La Capilla","Ruta 33 Km 22.500 esq. Las Violetas - Paraje La Capilla-Toledo, TOLEDO, CANELONES, Uruguay","TOLEDO"
"ABITAB S A Estacion Ancap (L.P)","DR. POUEY 662 esq Soca, LAS PIEDRAS, CANELONES, Uruguay","LAS PIEDRAS"
"ABITAB S A Lagomar","AV. GIANNATTASIO KM. 21.500 esq Becú (M 31 S 2 Acera Sur), LAGOMAR, CANELONES, Uruguay","LAGOMAR"
"ABITAB S A La Paz","CESAR MAYO GUTIERREZ 247, LA PAZ, CANELONES, Uruguay","LA PAZ"
"ABITAB S A El Pinar","PEREZ BUTTLER PARADA 8 M 144 5 21 entre Mediterraneo y Mallorca, EL PINAR, CANELONES, Uruguay","EL PINAR"
"ABITAB S A Pando","WILSON FERREIRA 952 esq Piovene, PANDO, CANELONES, Uruguay","PANDO"
"ABITAB S A El Pinar","PEREZ BUTTLER Y COSTANERA (PDA. 13), EL PINAR, CANELONES, Uruguay","EL PINAR"
"ABITAB S A Delmira A. Taboada y Mariella A. Posse","AVENIDA ARTIGAS 1056 entre Zinola y Zorrilla - Pando, PANDO, CANELONES, Uruguay","PANDO"
"ABITAB S A Atlántida","Calle 24 s/n esq. Artigas, ATLANTIDA, CANELONES, Uruguay","ATLANTIDA"
"ABITAB S A Grau Tomas Leonardo Luis","Av. Artigas 308 Local 3 esq. José E. Rodó, LA PAZ, CANELONES, Uruguay","LA PAZ"
"ABITAB S A Rabaquino Carina y Romero Mariano","Rivera 500, SANTA LUCIA, CANELONES, Uruguay","SANTA LUCIA"
"ABITAB S A Supermercado El Dorado","Calle Rivera N° 125 esq. Mateo Legnani - Supermerc. El Dorado, SANTA LUCIA, CANELONES, Uruguay","SANTA LUCIA"
"ABITAB S A Atlantida","CALLE 11 s/n entre calle 24 y 22, ATLANTIDA, CANELONES, Uruguay","ATLANTIDA"
"ABITAB S A Delassio Bonilla Fabiana","Santa Lucia S/Nº esq. Coronel Peirán, SAUCE, CANELONES, Uruguay","SAUCE"
"ABITAB S A San Ramón","Avda. José Batle y Ordoñez 1294, SAN RAMON, CANELONES, Uruguay","SAN RAMON"
"ABITAB S A Progreso","AVDA. ARTIGAS S/N ESQ. BRASIL, PROGRESO, CANELONES, Uruguay","PROGRESO"
"ABITAB S A Empalme Olmos","Luis A. de Herrera s/n esq. José Pedro Varela, EMPALME OLMOS, CANELONES, Uruguay","EMPALME OLMOS"
"ABITAB S A Costa Azul","Rivera s/n esq. 25 de Agosto, COSTA AZUL, CANELONES, Uruguay","COSTA AZUL"
"ABITAB S A Varela Allo Javier","Municipio 556, LAS PIEDRAS, CANELONES, Uruguay","LAS PIEDRAS"
"ABITAB S A Solymar","Av. Giannattasio Km. 23.100 esq. Real de Azúa, SOLYMAR, CANELONES, Uruguay","SOLYMAR"
"ABITAB S A Paso Carrasco","Camino Carrasco 72 entre Avda Del Lago y Zersales, PASO DE CARRASCO, CANELONES, Uruguay","PASO DE CARRASCO"
"ABITAB S A Tala","Artigas S/N esq. Florida, TALA, CANELONES, Uruguay","TALA"
"ABITAB S A San Jacinto","Av. Artigas esq. Las Piedras- Galeria Paseo de Compras, SAN JACINTO, CANELONES, Uruguay","SAN JACINTO"
"ABITAB S A Santa Rosa","Baltasar Brum s/n entre Batlle y Ordoñez y Llambias de Olivar, SANTA ROSA, CANELONES, Uruguay","SANTA ROSA"
"ABITAB S A Los Cerrillos","M. Tajes s/n esq. Artigas, LOS CERRILLOS, CANELONES, Uruguay","LOS CERRILLOS"
"ABITAB S A Tala","AV, ARTIGAS E ILDEFONSO DE LEON, TALA, CANELONES, Uruguay","TALA"
"ABITAB S A La Floresta","Larrobla s/n esq, Makignon, LA FLORESTA, CANELONES, Uruguay","LA FLORESTA"
"ABITAB S A Salinas","JULIETA ESQ. MAMBORETA, SALINAS, CANELONES, Uruguay","SALINAS"
"ABITAB S A J. A. Artigas","RUTA 8 KM. 26,200, BARROS BLANCOS, CANELONES, Uruguay","BARROS BLANCOS"
"ABITAB S A Pinamar","RUTA INTERBALNEARIA KM. 37.500 esq. Colón, PINAMAR-PINEPARK, CANELONES, Uruguay","PINAMAR-PINEPARK"
"ABITAB S A Canelones","Treinta y Tres 532 entre Rodo y Artigas, CANELONES, CANELONES, Uruguay","CANELONES"
"ABITAB S A Migues","GREGORIO MIGUES S/N ESQ. J. P. VARELA, MIGUES, CANELONES, Uruguay","MIGUES"
"ABITAB S A San Luis","RUTA INTERBALNEARIA KM. 63.500 ESQ FIGUEROA-EST ANCAP, SAN LUIS, CANELONES, Uruguay","SAN LUIS"
"ABITAB S A Las Piedras","AVENIDA ARTIGAS 673 ENTRE PILAR CABRERA Y GARIBALDI, LAS PIEDRAS, CANELONES, Uruguay","LAS PIEDRAS"
"ABITAB S A Medanos de Solymar","AVENIDA GIANNATTASIO KM. 27.300 ENTRE AVDA CENTRAL Y ACAPULCO, SOLYMAR, CANELONES, Uruguay","SOLYMAR"
"ABITAB S A Toledo","RUTA 6 KM. 22.900 ESQ AVDA DE LA ESTACION, TOLEDO, CANELONES, Uruguay","TOLEDO"
"ABITAB S A San Bautista","Pedro Maraboto s/n entre J. P. Alvarez y Luis A. de Herrera, SAN BAUTISTA, CANELONES, Uruguay","SAN BAUTISTA"
"ABITAB S A Las Piedras","DR. POUEY 849 ESQ. ATANASIO SIERRA, LAS PIEDRAS, CANELONES, Uruguay","LAS PIEDRAS"
"ABITAB S A Colonia Nicolich","RUTA 101 y RUTA 102 Km. 22.500, COLONIA NICOLICH, CANELONES, Uruguay","COLONIA NICOLICH"
"ABITAB S A Delmira A. Taboada y Mariella A. Posse","AV. ARTIGAS 1063 Local 14 esq. Zorrilla de San Martín - Pando, PANDO, CANELONES, Uruguay","PANDO"
"ABITAB S A Carlos Cabrera Cristian y Carlos Cabrera Ruben","FIORITO S/N esq. Rómulo Carlo - Suarez, JOAQUIN SUAREZ, CANELONES, Uruguay","JOAQUIN SUAREZ"
"ABITAB S A Barros Blancos","Ruta 74 Km. 24, PANDO, CANELONES, Uruguay","PANDO"
"ABITAB S A Parque Carrasco","GEANT LOCAL 26, PARQUE CARRASCO, CANELONES, Uruguay","PARQUE CARRASCO"
"ABITAB S A Soca","Av. Zenon Burgueño S/N esq. Ap. Saravia, DR. FRANCISCO SOCA, CANELONES, Uruguay","DR. FRANCISCO SOCA"
"ABITAB S A San Antonio","María Pereira de Marotem s/n esq JP Varela y Rogelio Martinez, SAN ANTONIO, CANELONES, Uruguay","SAN ANTONIO"
"ABITAB S A Barra de Carrasco","Av. del Parque Roosvelt N° 82 entre Armenia y La Paloma, BARRA DE CARRASCO, CANELONES, Uruguay","BARRA DE CARRASCO"
"ABITAB S A Paso Carrasco","Camino Carrasco N° 26-28 esq. Garibaldi, PASO DE CARRASCO, CANELONES, Uruguay","PASO DE CARRASCO"
"ABITAB S A Shangrilá","Calcagno M 40 S 4 Local 4 frente a Devoto entre Peña y Panama, SHANGRILA, CANELONES, Uruguay","SHANGRILA"
"ABITAB S A Pando","Av. Roosevelt 1033 esq Av. Artigas, PANDO, CANELONES, Uruguay","PANDO"
"ABITAB S A Pando","Gral. Artigas 839/841 entre Garibaldi e Iturria, PANDO, CANELONES, Uruguay","PANDO"
"ABITAB S A Pando","Roosevelt s/n Km. 30.700 (Ruta 8) esq. Piedras, PANDO, CANELONES, Uruguay","PANDO"
"ABITAB S A Agencia 12/86 - Lagomar","Avda. Giannattassio Km.21 esq.Buenos Aires, LAGOMAR, CANELONES, Uruguay","LAGOMAR"
"ABITAB S A Solymar","Av.Giannatassio Km.23.300 (Sup. TA-TA) entre Central y Uruguay, SOLYMAR, CANELONES, Uruguay","SOLYMAR"
"ABITAB S A Las Piedras","Juan Díaz de Solís s/n esq. Millán, LAS PIEDRAS, CANELONES, Uruguay","LAS PIEDRAS"
"ABITAB S A Ag. 12 Sub Ag. 90","Avda. Gral. Artigas (ex Ruta 5)e/Crist.Colón y Américo Vespucio, LAS PIEDRAS, CANELONES, Uruguay","LAS PIEDRAS"
"ABITAB S A Salinas","Ruta 87 esq. Yamandú, SALINAS, CANELONES, Uruguay","SALINAS"
"ABITAB S A Atlántida","RUTA 11 Km.166-ATLANTIDA NORTE, ATLANTIDA, CANELONES, Uruguay","ATLANTIDA"
"ABITAB S A Macias Yenny y Pera Luis","Gral. Artigas 781 esq. Treinta y Tres, LAS PIEDRAS, CANELONES, Uruguay","LAS PIEDRAS"
"ABITAB S A Las Piedras","República Argentina S 13 M 101 entre Av. Artigas y Batlle y Ord, LAS PIEDRAS, CANELONES, Uruguay","LAS PIEDRAS"
"ABITAB S A La Paz","Ruta 5 Km. 19.700 ESTACION ANCAP, LA PAZ, CANELONES, Uruguay","LA PAZ"
"ABITAB S A Manrique Fraga Marcela Wendy","Ruta 8 Km. 28.100, PANDO, CANELONES, Uruguay","PANDO"
"ABITAB S A Casarino","RUTA 74 KM 3.250 s/n S 2 PADRON 1576, TOLEDO, CANELONES, Uruguay","TOLEDO"
"ABITAB S A Abitab 72-12","Bvar del Bicentenario 318 esq.Sauce Loc 021Shopping Las Piedras, LAS PIEDRAS, CANELONES, Uruguay","LAS PIEDRAS"
"ABITAB S A Biaral SA","Ruta General Liber Seregni km 22500, LAGOMAR, CANELONES, Uruguay","LAGOMAR"
"ABITAB S A Local 72/15 Lagomar","Avda. Giannattasio KM 22200 entre Secco Garcia y Viña del Mar, LAGOMAR, CANELONES, Uruguay","LAGOMAR"
"ABITAB S A Silva Curbelo y otros","Eduardo Martinez Monegal esq Héctor Miranda, CANELONES, CANELONES, Uruguay","CANELONES"
"ABITAB S A Abitab Ag. 72/19","Ruta Interbalnearia km 51 Estación ANCAP, PARQUE DEL PLATA, CANELONES, Uruguay","PARQUE DEL PLATA"
"ABITAB S A AGENCIA 72/20","AVDA. DEL PARQUE S/N ESQUINA ECUADOR LOCAL 2, PASO CARRASCO, CANELONES, Uruguay","PASO CARRASCO"
"ASOCIACION NACIONAL DE AFILIADOS (ANDA) Las Piedras","Avda. Artigas 618, LAS PIEDRAS, CANELONES, Uruguay","LAS PIEDRAS"
"ASOCIACION NACIONAL DE AFILIADOS (ANDA) Pando","AVDA. ARTIGAS S/N ENTRE CHAMPAGNAT Y ROOSEVELT, PANDO, CANELONES, Uruguay","PANDO"
"ASOCIACION NACIONAL DE AFILIADOS (ANDA) Canelones","José Enrique Rodó 321 esq. Treinta y Tres, CANELONES, CANELONES, Uruguay","CANELONES"
"ASOCIACION NACIONAL DE AFILIADOS (ANDA) Ciudad de La Costa","GIANNATASIO KM. 21.200 ESQ VARELA CACERES, LAGOMAR, CANELONES, Uruguay","LAGOMAR"
"ASOCIACION NACIONAL DE AFILIADOS (ANDA) Santa Lucía","Rivera 465 entre Joaquin Suarez y Lavalleja, SANTA LUCIA, CANELONES, Uruguay","SANTA LUCIA"
"ASOCIACION NACIONAL DE AFILIADOS (ANDA) Atlántida","Av. Roger Valet s/n Local Comercial 001 esq. N. Michelizzi, ATLANTIDA, CANELONES, Uruguay","ATLANTIDA"
"POLAKOF Y CIA SA Mercado Las Piedras","GRAL. FLORES 609, LAS PIEDRAS, CANELONES, Uruguay","LAS PIEDRAS"
"NUMMI SA Flash Casa Cambiaria","Av. Giannattasio Km. 21.500 Lagomar, LAGOMAR, CANELONES, Uruguay","LAGOMAR"
"NUMMI SA Cambio Iberia","Rivera 603 esq Avda Artigas, LAS PIEDRAS, CANELONES, Uruguay","LAS PIEDRAS"
"NUMMI SA Salón Dotti","Pilar Cabrera 589 esq Avda Artigas, LAS PIEDRAS, CANELONES, Uruguay","LAS PIEDRAS"
"NUMMI SA Redpagos Santa Lucía","Vicente Grucci 33, SANTA LUCIA, CANELONES, Uruguay","SANTA LUCIA"
"NUMMI SA Agencia 16","Dr. Pouey 627 esq Gral Flores, LAS PIEDRAS, CANELONES, Uruguay","LAS PIEDRAS"
"NUMMI SA Redpagos Nicomar","W. Ferreira Aldunate 866 bis, PANDO, CANELONES, Uruguay","PANDO"
"NUMMI SA Inmobiliaria Mérida","Treinta y Tres 630 esq Tomas Berreta, CANELONES, CANELONES, Uruguay","CANELONES"
"NUMMI SA Cambio Iberia","Av. Artigas 1038 esq Zorrilla de San Martin, PANDO, CANELONES, Uruguay","PANDO"
"NUMMI SA Redpagos La Paz","José Batile y Ordoñez 202 esq Conrado Muller, LA PAZ, CANELONES, Uruguay","LA PAZ"
"NUMMI SA Cambio 18","Calle 1 esq. Montevideo, ATLANTIDA, CANELONES, Uruguay","ATLANTIDA"
"NUMMI SA SIR GEANT","Av. Giannattasio esq. Av. De la Playa Centro Comercial GEANT, BARRA DE CARRASCO, CANELONES, Uruguay","BARRA DE CARRASCO"
"NUMMI SA Redpagos Progreso","Av. Artigas s/n esq. Florida, PROGRESO, CANELONES, Uruguay","PROGRESO"
"NUMMI SA Redpagos Terni II","Treinta y Tres 550 esq. Rodó, CANELONES, CANELONES, Uruguay","CANELONES"
"NUMMI SA San Jacinto","Av. Artigas s/n esq. Ruta 11 Barrio Centro, SAN JACINTO, CANELONES, Uruguay","SAN JACINTO"
"NUMMI SA Santa Rosa","Avda. Tomás Berreta s/n esq. J. P. Varela, SANTA ROSA, CANELONES, Uruguay","SANTA ROSA"
"NUMMI SA TROPOLAR SAS","Ruta 6 Km. 22.500, TOLEDO, CANELONES, Uruguay","TOLEDO"
"NUMMI SA Redpagos Shangrilá","Rambla Costanera km 19, SHANGRILA, CANELONES, Uruguay","SHANGRILA"
"NUMMI SA Redpagos Pinamar","Ruta Interbalnearia Km. 36.400, PINAMAR-PINEPARK, CANELONES, Uruguay","PINAMAR-PINEPARK"
"NUMMI SA Redpagos Balbiani","AVDA. ARTIGAS 1468, SAUCE, CANELONES, Uruguay","SAUCE"
"NUMMI SA Redpagos Salinas","Av. Julieta y Nutria, SALINAS, CANELONES, Uruguay","SALINAS"
"NUMMI SA Redpagos Tala","Idelfonso de Leon s/n esq. Luis Alberto de Herrera Barrio Centro, TALA, CANELONES, Uruguay","TALA"
"NUMMI SA Redpagos Terni","TREINTA Y TRES 386, CANELONES, CANELONES, Uruguay","CANELONES"
"NUMMI SA Redpagos Pizzorno","Ruta 32, Km. 23, PROGRESO, CANELONES, Uruguay","PROGRESO"
"NUMMI SA Redpagos Nativo","Ruta 74 Km. 27.500, JOAQUIN SUAREZ, CANELONES, Uruguay","JOAQUIN SUAREZ"
"NUMMI SA Redpagos Bachino","Treinta y Tres esq. Mackinon, LA FLORESTA, CANELONES, Uruguay","LA FLORESTA"
"NUMMI SA Redpagos San Ramón","Avda. Batlle y Ordoñez 1552 esq Masaguez, SAN RAMON, CANELONES, Uruguay","SAN RAMON"
"NUMMI SA Redpagos Pinar Norte","Av. Perez Buttler M 94 S 19, EL PINAR, CANELONES, Uruguay","EL PINAR"
"NUMMI SA Redpagos La Cabaña","Av. Naciones Unidas s/n esq. Perez Buttler, EL PINAR, CANELONES, Uruguay","EL PINAR"
"NUMMI SA Redpagos","Maciel 103 esq. Camino Carrasco Km. 15.500, PASO DE CARRASCO, CANELONES, Uruguay","PASO DE CARRASCO"
"NUMMI SA Redpagos Flor de Solymar","Eduardo Marquez Castro Manz. 42 5. 9, SOLYMAR, CANELONES, Uruguay","SOLYMAR"
"NUMMI SA Redpagos Ana M. Silva","Ruta 5 (vieja) Km. 24.600 Vista Linda, LAS PIEDRAS, CANELONES, Uruguay","LAS PIEDRAS"
"NUMMI SA Cambio Federal - Disco Atlántida","Gral. Artigas s/n, ATLANTIDA, CANELONES, Uruguay","ATLANTIDA"
"NUMMI SA Redpagos Buenas Migas","Avenida Transversal s/n Solar 1, LOMAS DE SOLYMAR, CANELONES, Uruguay","LOMAS DE SOLYMAR"
"NUMMI SA Redpagos Saturno","Dr. Luis Correch s/n esq. Timoteo Aparicio, PANDO, CANELONES, Uruguay","PANDO"
"NUMMI SA Redpagos Cambio Sir Costa Urbana","Av. Giannatasio Km. 20.500 Centro Cívico Local 133 A, SAN JOSE DE CARRASCO, CANELONES, Uruguay","SAN JOSE DE CARRASCO"
"NUMMI SA Redpagos Agencia 10","Av. Giannatasio Km. 25.200 Manz. 5 Solar 9, SOLYMAR, CANELONES, Uruguay","SOLYMAR"
"NUMMI SA Redpagos San Luis","Juan Caruso s/n entre Diagonal Honduras y Baltasar Brum, SAN LUIS, CANELONES, Uruguay","SAN LUIS"
"NUMMI SA Redpagos Ancap El Colorado","Ruta 36 y 48 Paraje El Colorado, CANELONES, CANELONES, Uruguay","CANELONES"
"NUMMI SA Redpagos Los Cerrillos","Máximo Tajes s/n esq. Lavalleja, LOS CERRILLOS, CANELONES, Uruguay","LOS CERRILLOS"
"NUMMI SA Itafor S. A.","Av. Artigas s/n, TALA, CANELONES, Uruguay","TALA"
"NUMMI SA Redpagos Almar","Av. Tomás Berreta s/n esq. Lavalleja, SANTA ROSA, CANELONES, Uruguay","SANTA ROSA"
"NUMMI SA Redpagos Provitodo","Colonia s/n Manz. S. 3 Solar 19 esq. Indianápolis Pinar Norte, EL PINAR, CANELONES, Uruguay","EL PINAR"
"NUMMI SA Redpagos Viale","Avda. Artigas 755 Km. 18.500, LA PAZ, CANELONES, Uruguay","LA PAZ"
"NUMMI SA Redpagos Provisión San Jorge","Luis Alberto de Herrera s/n esq. Zenon Burgueño, SOCA, CANELONES, Uruguay","SOCA"
"NUMMI SA Redpagos Super Kiko","Rt74 km24,2 s/n entre Rt8 y Julio Sosa, BARROS BLANCOS, CANELONES, Uruguay","BARROS BLANCOS"
"NUMMI SA Redpagos MARYLEO","Pedro Maraboto s/nº esq. Luis A. de Herrera - San Bautista, SAN BAUTISTA, CANELONES, Uruguay","SAN Bautista"
"NUMMI SA Redpagos Granja del Empalme","Av. Luis Morquio s/n, esq. Jose Pedro Varela, COLONIA NICOLICH, CANELONES, Uruguay","COLONIA NICOLICH"
"NUMMI SA Redpagos Supercoco","Cesar Mayo Gutierrez s/n, esq. Ramón Alvarez, La Paz, LA PAZ, CANELONES, Uruguay","LA PAZ"
"NUMMI SA Cambio Sir Costa Urbanall","Avda. Giannattasio Km.21.5, Shopping Costa Urbana Local 21, SOLYMAR, CANELONES, Uruguay","SOLYMAR"
"NUMMI SA REDPAGOS LOS KABE","Perez Butler s/n - El Pinar, EL PINAR, CANELONES, Uruguay","EL PINAR"
"NUMMI SA CAMBIO IBERIA SHOPPING LAS PIEDRAS","Bvar del Bicentenario, Shopping Las Piedras local 46, LAS PIEDRAS, CANELONES, Uruguay","LAS PIEDRAS"
"NUMMI SA Vandey SA","Enrique Pouey s/n esq. Colman, Las Piedras, LAS PIEDRAS, CANELONES, Uruguay","LAS PIEDRAS"
"NUMMI SA REDPAGOS AGENCIA MIGUES","Luis A. de Herrera s/n esq. Gregorio Migues (Migues), MIGUES, CANELONES, Uruguay","MIGUES"
"NUMMI SA Redpagos Salinas Norte","Ruta 87 s/n esq. Yamandů, ciudad de Salinas, SALINAS, CANELONES, Uruguay","SALINAS"
"NUMMI SA Cambio Avenida Tienda Inglesa Atlántida","Ruta Gral. Liber Seregni Km 45, Atlántida, ATLANTIDA, CANELONES, Uruguay","ATLANTIDA"
"NUMMI SA Redpagos Minimercado Nico","Avda. Agustin Pons esq. Calle 2 y Palmeras, Cuchilla Alta, CUCHILLA ALTA, CANELONES, Uruguay","CUCHILLA ALTA"
"NUMMI SA Redpagos La Once","Ruta 8 Km 26 esq. Tacuarembó, Barros Blancos, BARROS BLANCOS, CANELONES, Uruguay","BARROS BLANCOS"
"NUMMI SA Cambio Avenida","Avda. Giannattasio Km. 21.800, Lagomar, LAGOMAR, CANELONES, Uruguay","LAGOMAR"
"NUMMI SA Red pagos Seguezza (Seguezza y Caballero SRL)","18 de Julio esq. Luis A. de Herrera, EMPALME OLMOS, CANELONES, Uruguay","EMPALME OLMOS"
"NUMMI SA Redpagos Saturno Premiun","Ruta 8 km 37.900 Empalme Olmos, EMPALME OLMOS, CANELONES, Uruguay","EMPALME OLMOS"
"NUMMI SA Wilman Carbajal Fuster","Batle y Ordoñez 852 - Ciudad de Canelones, CANELONES, CANELONES, Uruguay","CANELONES"
"NUMMI SA Redpagos Hiper Vital","Camino Carrasco 149-Paso de Carrasco, PASO DE CARRASCO, CANELONES, Uruguay","PASO DE CARRASCO"
"NUMMI SA Riocenter S.A.","Ruta Interbalnearia km 23.500 Esq. Cmno. de los horneros, SOLYMAR, CANELONES, Uruguay","SOLYMAR"
"NUMMI SA Redpagos Barraca Inter","Ruta Interbalnearia km 51, PARQUE DEL PLATA, CANELONES, Uruguay","PARQUE DEL PLATA"
"NUMMI SA Redpagos La Tuna II (Silva Gervasini Gessica)","Charrúa s/n esquina Calle 13, LA TUNA, CANELONES, Uruguay","LA TUNA"
"NUMMI SA REDPAGOS LIBRA","OMAR PAITTA 801, LAS PIEDRAS, CANELONES, Uruguay","LAS PIEDRAS"
"NUMMI SA REDPAGOS EL DORADO LAS TOSCAS","MARIANO FERREIRA S/N, LAS TOSCAS, LAS TOSCAS, CANELONES, Uruguay","LAS TOSCAS"
"NUMMI SA REDPAGOS IMPERIO","Ruta Interbalnearia, PINAMAR-PINEPARK, CANELONES, Uruguay","PINAMAR-PINEPARK"
"NUMMI SA REDPAGOS TATA BARROS BLANCOS","RUTA 8 KM 24-BARROS BLANCOS, BARROS BLANCOS, CANELONES, Uruguay","BARROS BLANCOS"
"ABITAB S A Melo","Treinta y Tres 349 esq. Sarandí, MELO, CERRO LARGO, Uruguay","MELO"
"ABITAB S A Melo","APARICIO SARAVIA 598 ESQ ALDUNATE, MELO, CERRO LARGO, Uruguay","MELO"
"ABITAB S A Río Branco","Centenario s/n esq Vapor Cebollatí, RIO BRANCO, CERRO LARGO, Uruguay","RIO BRANCO"
"ABITAB S A Melo","Gral. Muniz 798 esq. Colón, MELO, CERRO LARGO, Uruguay","MELO"
"ABITAB S A Melo","Villanueva Saravia 777, MELO, CERRO LARGO, Uruguay","MELO"
"ABITAB S A Río Branco","Av. Gral. Artigas s/n esq. Centenario, RIO BRANCO, CERRO LARGO, Uruguay","RIO BRANCO"
"ABITAB S A Aceguá","Isabel R. de Matto 1298, ACEGUA, CERRO LARGO, Uruguay","ACEGUA"
"ABITAB S A Ag. 13 Sub Ag 14","Gral Artigas 300 esq. Fructuoso Rivera - Río Branco, RIO BRANCO, CERRO LARGO, Uruguay","RIO BRANCO"
"ABITAB S A Abitab Melo-Sub Ag 15","Remigio Castellanos 1110-Melo, MELO, CERRO LARGO, Uruguay","MELO"
"ASOCIACION NACIONAL DE AFILIADOS (ANDA) Melo","Aparicio Saravia 699 entre L. A. de Herrera y J. B. y Ordoñez, MELO, CERRO LARGO, Uruguay","MELO"
"ASOCIACION NACIONAL DE AFILIADOS (ANDA) Río Branco","Virrey Arredondo 947 esq. 10 de Junio, RIO BRANCO, CERRO LARGO, Uruguay","RIO BRANCO"
"NUMMI SA Cambio Centro","Saravia 676, MELO, CERRO LARGO, Uruguay","MELO"
"NUMMI SA Redpagos Melo","Villanueva Saravia 775, MELO, CERRO LARGO, Uruguay","MELO"
"NUMMI SA Redpagos El Dorado Río Branco","Centenario s/n Local 02 esq. Cebollati, RIO BRANCO, CERRO LARGO, Uruguay","RIO BRANCO"
"NUMMI SA Fraile Muerto","Montoro Guarch 714 ciudad de Fraile Muerto, FRAYLE MUERTO, CERRO LARGO, Uruguay","FRAYLE MUERTO"
"NUMMI SA Redpagos Bitar","Arredondo Virrey N° 1199, Rio Branco, RIO BRANCO, CERRO LARGO, Uruguay","RIO BRANCO"
"NUMMI SA Redpagos Ricardo Silva De Faria","Avda. Centenario S/N esq. Juanita Arismendi, RIO BRANCO, CERRO LARGO, Uruguay","RIO BRANCO"
"ABITAB S A Carmelo","19 DE ABRIL 300 ESQ ISIDORO RODRIGUEZ, CARMELO, COLONIA, Uruguay","CARMELO"
"ABITAB S A Nueva Palmira","GRAL. ARTIGAS 1028 ENTRE ARGENTINA Y JOSE P VARELA, NUEVA PALMIRA, COLONIA, Uruguay","NUEVA PALMIRA"
"ABITAB S A Capital","GRAL. FLORES 401 esq. Lavalleja, COLONIA DEL SACRAMENTO, COLONIA, Uruguay","COLONIA DEL SACRAMENTO"
"ABITAB S A Nueva Helvecia","Luis Dreyer 1271, NUEVA HELVECIA, COLONIA, Uruguay","NUEVA HELVECIA"
"ABITAB S A Ombúes de Lavalle","ZORRILLA DE SAN MARTIN 1059 Y EXODO, OMBUES DE LAVALLE, COLONIA, Uruguay","OMBUES DE LAVALLE"
"ABITAB S A Dibot Lausarot y otros","JOSE E. RODO 328 ESQ VACHELLI, JUAN LACAZE, COLONIA, Uruguay","JUAN LACAZE"
"ABITAB S A Capital","APARICIO SARAVIA 662 ESQ MARIA NIΜΟ, COLONIA DEL SACRAMENTO, COLONIA, Uruguay","COLONIA DEL SACRAMENTO"
"ABITAB S A Tarariras","CARMELO 2204 ESQ. PIEDRAS, TARARIRAS, COLONIA, Uruguay","TARARIRAS"
"ABITAB S A Colonia Valdense","11 DE JUNIO 1157 ESQ VARELA, COLONIA VALDENSE, COLONIA, Uruguay","COLONIA VALDENSE"
"ABITAB S A Juan Martin Lastreto Urrutia.","Roosevelt s/n esq. Dr. Casello- Colonia Shopping Local 1, COLONIA DEL SACRAMENTO, COLONIA, Uruguay","COLONIA DEL SACRAMENTO"
"ABITAB S A Colonia","Av. Artigas 304 esq. Dr. Fosalba, COLONIA DEL SACRAMENTO, COLONIA, Uruguay","COLONIA DEL SACRAMENTO"
"ABITAB S A Rosario","Sarandí s/n esq. 25 de Mayo, ROSARIO, COLONIA, Uruguay","ROSARIO"
"ABITAB S A Nueva Helvecia","Frau Vogel 1090 esq Sarandi, NUEVA HELVECIA, COLONIA, Uruguay","NUEVA HELVECIA"
"ABITAB S A Juan Lacaze","Calle 20 s/n esq. Calle 5, JUAN LACAZE, COLONIA, Uruguay","JUAN LACAZE"
"ABITAB S A Carmelo","Uruguay 411, CARMELO, COLONIA, Uruguay","CARMELO"
"ABITAB S A Conchillas","Continuación de Ruta 55 esq. Cno. de la Palmita Estación Ancap, CONCHILLAS, COLONIA, Uruguay","CONCHILLAS"
"ASOCIACION NACIONAL DE AFILIADOS (ANDA) Juan Lacaze","JOSE SALVO 304 ENTRE ZORRILLA Y 25 DE MAYO, JUAN LACAZE, COLONIA, Uruguay","JUAN LACAZE"
"ASOCIACION NACIONAL DE AFILIADOS (ANDA) Colonia","Avda. Gral. Flores 524 entre Avda Artigas y Rivera, COLONIA DEL SACRAMENTO, COLONIA, Uruguay","COLONIA DEL SACRAMENTO"
"ASOCIACION NACIONAL DE AFILIADOS (ANDA) Carmelo","Uruguay 293 esq. Isidoro Rodriguez, CARMELO, COLONIA, Uruguay","CARMELO"
"ASOCIACION NACIONAL DE AFILIADOS (ANDA) Rosario","Leopoldo Fuica 205-211, ROSARIO, COLONIA, Uruguay","ROSARIO"
"ASOCIACION NACIONAL DE AFILIADOS (ANDA) Nueva Palmira","Gral. Artigas 1200 esq. Eloy García, NUEVA PALMIRA, COLONIA, Uruguay","NUEVA PALMIRA"
"NUMMI SA Cambio Aspen","Gral. Flores 350 esq Intendente Suarez, COLONIA DEL SACRAMENTO, COLONIA, Uruguay","COLONIA DEL SACRAMENTO"
"NUMMI SA Moleson S.R.L.","Treinta y Tres 1118 esq. Dreyer, NUEVA HELVECIA, COLONIA, Uruguay","NUEVA HELVECIA"
"NUMMI SA Redpagos Tarariras","Gral. Artigas 1725, TARARIRAS, COLONIA, Uruguay","TARARIRAS"
"NUMMI SA Redpagos Rosario","Gral. Artigas N 200, ROSARIO, COLONIA, Uruguay","ROSARIO"
"NUMMI SA Redpagos Juan Lacaze","José Campomar 434 esq. J. E. Rodó, JUAN LACAZE, COLONIA, Uruguay","JUAN LACAZE"
"NUMMI SA Redpagos Ombúes de Lavalle","Atala T. de Mendivil s/n, OMBUES DE LAVALLE, COLONIA, Uruguay","OMBUES DE LAVALLE"
"NUMMI SA Cambio Indumex","Av. Roosevelt s/n Local 3 esq. Luis Casanello Shopping Colonia, COLONIA DEL SACRAMENTO, COLONIA, Uruguay","COLONIA DEL SACRAMENTO"
"NUMMI SA Redpagos Valdense","Melvin Jones 989, COLONIA VALDENSE, COLONIA, Uruguay","COLONIA VALDENSE"
"NUMMI SA Redpagos Eurocred","Uruguay 400, CARMELO, COLONIA, Uruguay","CARMELO"
"NUMMI SA Redpagos Juan Lacaze","José Salvo 100 Local 1 Supermercado TATA, JUAN LACAZE, COLONIA, Uruguay","JUAN LACAZE"
"NUMMI SA Redpagos Prioribertone","Aparicio Saravia 651, COLONIA DEL SACRAMENTO, COLONIA, Uruguay","COLONIA DEL SACRAMENTO"
"NUMMI SA Redpagos El General","Carballo Fernando 2180, COLONIA DEL SACRAMENTO, COLONIA, Uruguay","COLONIA DEL SACRAMENTO"
"NUMMI SA Redpagos Ancap Ruta Doce","Ruta 12 s/n, Km 1.5, NUEVA PALMIRA, COLONIA, Uruguay","NUEVA PALMIRA"
"NUMMI SA Redpagos Carmelo Red","Ruta 21 Km 255.500 Ciudad de Carmelo Avda. Italia 986, CARMELO, COLONIA, Uruguay","CARMELO"
"NUMMI SA Redpagos Sacramento","General Flores N° 484 - Colonia del Sacramento, COLONIA DEL SACRAMENTO, COLONIA, Uruguay","COLONIA DEL SACRAMENTO"
"NUMMI SA Redpagos El Colmenar Nueva Palmira","Peru N° 1116, NUEVA PALMIRA, COLONIA, Uruguay","NUEVA PALMIRA"
"NUMMI SA REDPAGOS AXION RUTA 12","Ruta 12 km. 182.5, FLORENCIO SANCHEZ, COLONIA, Uruguay","FLORENCIO SANCHEZ"
"NUMMI SA Cambio Aguerrebere Colonia","Av. Gral. Flores 222, COLONIA DEL SACRAMENTO, COLONIA, Uruguay","COLONIA DEL SACRAMENTO"
"ABITAB S A Sarandi del Yi","Astiazarán 516 entre Berro y LA de Herrera, SARANDI DEL YI, DURAZNO, Uruguay","SARANDI DEL YI"
"ABITAB S A Durazno - Dubaco S.A.-","18 DE JULIO 473 entre Dr Penza y LA de Herrera, DURAZNO, DURAZNO, Uruguay","DURAZNO"
"ABITAB S A Villa del Carmen","Rodolfo De Angelis s/n esq Fonterosa (frente a la plaza), CARMEN, DURAZNO, Uruguay","CARMEN"
"ABITAB S A Abitab 26-1015-12","Manuel Oribe 450 esq Galarza, DURAZNO, DURAZNO, Uruguay","DURAZNO"
"ABITAB S A Cerro Chato","Goday s/n esq. Brigadier Oribe, CERRO CHATO, DURAZNO, Uruguay","CERRO CHATO"
"ABITAB S A Durazno","Manuel Oribe 643 bis esq. Luis Morquio, DURAZNO, DURAZNO, Uruguay","DURAZNO"
"ABITAB S A Sanchez Lamela R., Sanchez Lamela L, Sanchez G.","Luis Batlle berre 961 Esq. gral. José Artigas nro. 3, DURAZNO, DURAZNO, Uruguay","DURAZNO"
"ASOCIACION NACIONAL DE AFILIADOS (ANDA) Durazno","Oribe 713 bis entre Batlle y Ordoñez y Mons. Arrospide, DURAZNO, DURAZNO, Uruguay","DURAZNO"
"NUMMI SA RED SARMIENTO S.R.L.","Artigas 499, DURAZNO, DURAZNO, Uruguay","DURAZNO"
"NUMMI SA RED SARMIENTO S.R.L.","MANUEL ORIBE 349, DURAZNO, DURAZNO, Uruguay","DURAZNO"
"NUMMI SA Redpagos","Sosa Bernadet 537 esq. Astiazarán, SARANDI DEL YI, DURAZNO, Uruguay","SARANDI DEL YI"
"NUMMI SA Redpagos B & M","Gral. Artigas 599 esq. Oribe, DURAZNO, DURAZNO, Uruguay","DURAZNO"
"NUMMI SA REDPAGOS ANCAP RUTA 5","SUAREZ, AV. JOAQUIN S/N, DURAZNO, DURAZNO, Uruguay","DURAZNO"
"NUMMI SA Redpagos B & M Camedur","19 de Abril 971, DURAZNO, DURAZNO, Uruguay","DURAZNO"
"NUMMI SA Redpagos Red Sarmiento TATA","Wilson Ferreira 419, DURAZNO, DURAZNO, Uruguay","DURAZNO"
"ABITAB S A Trinidad.","SANTISIMA TRINIDAD 655 ESQ C.M RAMIREZ, TRINIDAD, FLORES, Uruguay","TRINIDAD"
"ABITAB S A Trinidad","Fco. Fondar 518 esq Gral Flores, TRINIDAD, FLORES, Uruguay","TRINIDAD"
"ABITAB S A Trinidad","Berro 474 esq. Puig (Supermercado TA TA), TRINIDAD, FLORES, Uruguay","TRINIDAD"
"ABITAB S A Ismael Cortinas","Solano 144, ISMAEL CORTINAS, FLORES, Uruguay","ISMAEL CORTINAS"
"ABITAB S A Trinidad - Estación Pretrobras","Inés Durán 1006 PRETROBRAS - Trinidad, TRINIDAD, FLORES, Uruguay","TRINIDAD"
"ASOCIACION NACIONAL DE AFILIADOS (ANDA) Trinidad","FRANCISCO FONDAR 574 ENTRE FRAY UBEDA Y 25 DE AGOSTO, TRINIDAD, FLORES, Uruguay","TRINIDAD"
"NUMMI SA Redpagos Trinidad","Fco. Fondar 694, TRINIDAD, FLORES, Uruguay","TRINIDAD"
"NUMMI SA Redpagos Eléctrica Flores","Avda. Batlle N 1023, localidad de Trinidad, TRINIDAD, FLORES, Uruguay","TRINIDAD"
"ABITAB S A Sarandi Grande","AVDA. ARTIGAS 891 esq. Arrillada, SARANDI GRANDE, FLORIDA, Uruguay","SARANDI GRANDE"
"ABITAB S A Capital","ITUZAINGO 3530 ENTRE GALLINAL Y B. Y ORDOÑEZ, FLORIDA, FLORIDA, Uruguay","FLORIDA"
"ABITAB S A Fray Marcos","DR. GIANBRUNO S/N (RUTA 7) ENTRE BETTINO Y PIEDRA ALTA, FRAY MARCOS, FLORIDA, Uruguay","FRAY MARCOS"
"ABITAB S A Capital","INDEPENDENCIA 950 ESQ POCHO FERNANDEZ, FLORIDA, FLORIDA, Uruguay","FLORIDA"
"ABITAB S A Casupá","José B. y Ordoñez s/n esq. Pons y Juani Ruta 7, CASUPA, FLORIDA, Uruguay","CASUPA"
"ABITAB S A Florida","Rivera 3320 entre Dr Gonzalez y Manuel Calleros Multiahorro 15, FLORIDA, FLORIDA, Uruguay","FLORIDA"
"ABITAB S A Florida","Pedro Campbell s/n esq. J. P. Varela Estación Petrobras, FLORIDA, FLORIDA, Uruguay","FLORIDA"
"ASOCIACION NACIONAL DE AFILIADOS (ANDA) Florida","RIVERA 459 ESQ. INDEPENDENCIA, FLORIDA, FLORIDA, Uruguay","FLORIDA"
"NUMMI SA Redpagos Florida","Independencia 736, FLORIDA, FLORIDA, Uruguay","FLORIDA"
"NUMMI SA Redpagos Real Servicios Sarandí Grande","Avda. Artigas 973 Galeria Paseo de Compras, SARANDI GRANDE, FLORIDA, Uruguay","SARANDI GRANDE"
"NUMMI SA Redpagos Fray Marcos","Cyro Giambruno s/n esq. Latorre, FRAY MARCOS, FLORIDA, Uruguay","FRAY MARCOS"
"NUMMI SA Redpagos Multi Pagos","Independencia 604, FLORIDA, FLORIDA, Uruguay","FLORIDA"
"NUMMI SA Redpagos El Galpón","Isidoro de María 3547, FLORIDA, FLORIDA, Uruguay","FLORIDA"
"NUMMI SA Redpagos Casupá","Luis A. de Herrera 1052, CASUPA, FLORIDA, Uruguay","CASUPA"
"NUMMI SA Redpagos Cardal","Av. Artigas 1041, CARDAL, FLORIDA, Uruguay","CARDAL"
"NUMMI SA Redpagos Chamizo","25 de Agosto S/N esq. Facundo Fernandez, Chamizo, CHAMIZO, FLORIDA, Uruguay","CHAMIZO"
"NUMMI SA REDPAGOS ISLA 25","Rolin de Marinoni Nº 785, VEINTICINCO DE MAYO, FLORIDA, Uruguay","VEINTICINCO DE MAYO"
"NUMMI SA Redpagos Mercado 5 Esquinas","Pocho Fernandez 170, FLORIDA, FLORIDA, Uruguay","FLORIDA"
"NUMMI SA REDPAGOS Cerro Sarandi","Gral. José Gervasio Artigas 705, SARANDI GRANDE, FLORIDA, Uruguay","SARANDI GRANDE"
"ABITAB S A Minas","25 de Mayo 496 esq. Treinta y Tres, MINAS, LAVALLEJA, Uruguay","MINAS"
"ABITAB S A Minas","TREINTA Y TRES 787 bis esq. Williman, MINAS, LAVALLEJA, Uruguay","MINAS"
"ABITAB S A José Batlle y Ordoñez","18 DE JULIO Y FRANCISCO DE LEON, JOSE BATLLE Y ORDOÑEZ, LAVALLEJA, Uruguay","JOSE BATLLE Y ORDOÑEZ"
"ABITAB S A José Pedro Varela","Podestá esq. Rivera, JOSE PEDRO VARELA, LAVALLEJA, Uruguay","JOSE PEDRO VARELA"
"ABITAB S A Solís de Mataojo","FABINI 768 ESQ VARELA, SOLIS DE MATAOJO, LAVALLEJA, Uruguay","SOLIS DE MATAOJO"
"ABITAB S A Capital","Av. Varela Nº 802 esq. Ellauri, MINAS, LAVALLEJA, Uruguay","MINAS"
"ABITAB S A Agencia 18/11","18 de Julio 648, MINAS, LAVALLEJA, Uruguay","MINAS"
"ABITAB S A Minas","18 de Julio 987 esq LA de Herrera, MINAS, LAVALLEJA, Uruguay","MINAS"
"ABITAB S A Abitab 26-1018-13","Avda. Baltasar Brum 331 esquina Calle 144 - Minas, MINAS, LAVALLEJA, Uruguay","MINAS"
"ABITAB S A Goncalves Emiliana","Aparicio Saravia 960 Shoppin Minas local 11 y 12, MINAS, LAVALLEJA, Uruguay","MINAS"
"ASOCIACION NACIONAL DE AFILIADOS (ANDA) Minas","Treinta y Tres 626, MINAS, LAVALLEJA, Uruguay","MINAS"
"NUMMI SA Inmobiliaria Aguerrebere","Sarandí 543 esq Wilman, MINAS, LAVALLEJA, Uruguay","MINAS"
"NUMMI SA Redpagos Varela","Lavalleja s/n entre Soriano y Podestá, JOSE PEDRO VARELA, LAVALLEJA, Uruguay","JOSE PEDRO VARELA"
"NUMMI SA Minas","25 de Mayo 559, MINAS, LAVALLEJA, Uruguay","MINAS"
"NUMMI SA Redpagos Mariscala","Av. Artigas s/n esq. Treinta y Tres, MARISCALA, LAVALLEJA, Uruguay","MARISCALA"
"NUMMI SA Redpagos Saucedo","Avda. Fabini 789, SOLIS DE MATAOJO, LAVALLEJA, Uruguay","SOLIS DE MATAOJO"
"NUMMI SA Redpagos Rijo II","Domingo Perez 479, MINAS, LAVALLEJA, Uruguay","MINAS"
"NUMMI SA Redpagos Grupo Diano","Luis A. de Herrera 568 esq. 18 de Julio, MINAS, LAVALLEJA, Uruguay","MINAS"
"NUMMI SA Redpagos Idamar","Avenida Varela s/n esq. Carlos María Fosalba, MINAS, LAVALLEJA, Uruguay","MINAS"
"NUMMI SA Redpagos Farmacia Carrasco","Rivera S/N, ciudad de Batle y Ordoñez, Barrio Centro, JOSE BATLLE Y ORDOÑEZ, LAVALLEJA, Uruguay","JOSE BATLLE Y ORDOÑEZ"
"NUMMI SA EVENOL SA","RIVERA ESQUINA SORIANO, JOSE PEDRO VARELA, LAVALLEJA, Uruguay","JOSE PEDRO VARELA"
"NUMMI SA Agencia Maidana","Aparicio Saravia 960, MINAS, LAVALLEJA, Uruguay","MINAS"
"ABITAB S A San Carlos","TREINTA Y TRES 705 esq. Sarandí, SAN CARLOS, MALDONADO, Uruguay","SAN CARLOS"
"ABITAB S A Capital","18 DE JULIO 851 ESQ. FLORIDA, MALDONADO, MALDONADO, Uruguay","MALDONADO"
"ABITAB S A Martinez Meoqui Maria Laura","Av. Aiguá s/n y Cno. De los Gauchos, MALDONADO, MALDONADO, Uruguay","MALDONADO"
"ABITAB S A Punta Ballena","Ruta 93 Km. 118 Portezuelo Estación Ancap, PUNTA BALLENA, MALDONADO, Uruguay","PUNTA BALLENA"
"ABITAB S A Palmas de La Barra","RUTA 10 KM. 159.800 LAS PALMAS Estación Ancap, LA BARRA, MALDONADO, Uruguay","LA BARRA"
"ABITAB S A Punta del Este","Punta Shopping Local 232, PUNTA DEL ESTE, MALDONADO, Uruguay","PUNTA DEL ESTE"
"ABITAB S A Maldonado","Joaquín de Viana s/n esq. Florida, MALDONADO, MALDONADO, Uruguay","MALDONADO"
"ABITAB S A Pan de Azúcar","Félix de Lizarsa 748 esq Ituzaingo, PAN DE AZUCAR, MALDONADO, Uruguay","PAN DE AZUCAR"
"ABITAB S A Maldonado","Santa Teresa esquina 19 de Abril, MALDONADO, MALDONADO, Uruguay","MALDONADO"
"ABITAB S A Punta del Este","Roosevelt y Parada 11 y 1/2 DEVOTO, PUNTA DEL ESTE, MALDONADO, Uruguay","PUNTA DEL ESTE"
"ABITAB S A Maldonado","Enrique Burnet s/n esq. Acuña de Figueroa, MALDONADO, MALDONADO, Uruguay","MALDONADO"
"ABITAB S A Piriápolis","Gregorio Sanabria 913 entre Tucuman y La Rambla, PIRIAPOLIS, MALDONADO, Uruguay","PIRIAPOLIS"
"ABITAB S A Maldonado","Av. Roosevelt esq. Zelmar, MALDONADO, MALDONADO, Uruguay","MALDONADO"
"ABITAB S A Piriápolis","Av. Piria s/n entre Buenos Aires y Reconquista Sup. Devoto, PIRIAPOLIS, MALDONADO, Uruguay","PIRIAPOLIS"
"ABITAB S A Maldonado","Cno. Lussich s/n esq. Los Teros, MALDONADO, MALDONADO, Uruguay","MALDONADO"
"ABITAB S A San Carlos","Av. Ceberio 609 esq Rincon, SAN CARLOS, MALDONADO, Uruguay","SAN CARLOS"
"ABITAB S A Maldonado","Cno. de los Gauchos s/n esq. Chiossi, MALDONADO, MALDONADO, Uruguay","MALDONADO"
"ABITAB S A San Carlos","Av. Alvariza 1047, SAN CARLOS, MALDONADO, Uruguay","SAN CARLOS"
"ABITAB S A Maldonado","Av. Artigas s/n esq. 3 de Febrero (Macromercado), MALDONADO, MALDONADO, Uruguay","MALDONADO"
"ABITAB S A Maldonado","Luis A. de Herrera s/n esq. Landa Est. Ancap, MALDONADO, MALDONADO, Uruguay","MALDONADO"
"ABITAB S A Aiguá","25 de Agosto 647, AIGUA, MALDONADO, Uruguay","AIGUA"
"ABITAB S A Maldonado","Avda Antonio Camacho S/N esquina Avda. José Joaquin de Viana, MALDONADO, MALDONADO, Uruguay","MALDONADO"
"ABITAB S A Mario Isidro y Ignaico Core González","Santa Teresa s/n Locales 003 y 004 esq. Perez del Puerto, MALDONADO, MALDONADO, Uruguay","MALDONADO"
"ABITAB S A Maldonado","Rambla Williman esq. Av. España Parada 24 y medio de la P. Mans, MALDONADO, MALDONADO, Uruguay","MALDONADO"
"ABITAB S A N°20/42","Calle 32 s/n Terminal Punta del Este, PUNTA DEL ESTE, MALDONADO, Uruguay","PUNTA DEL ESTE"
"ABITAB S A Agencia N 20/44","Sarandí s/n esquina Román Bergalli, MALDONADO, MALDONADO, Uruguay","MALDONADO"
"ABITAB S A Punta del Este","CALLE 31 ESQ. CALLE 20, PUNTA DEL ESTE, MALDONADO, Uruguay","PUNTA DEL ESTE"
"ABITAB S A Punta del Este","Torre Gorlero Local 009 entre Calle 27 y Calle 28, PUNTA DEL ESTE, MALDONADO, Uruguay","PUNTA DEL ESTE"
"ABITAB S A Agencia 81","Gorlero S/N Calle 21 edificio El Monarca local 004, PUNTA DEL ESTE, MALDONADO, Uruguay","PUNTA DEL ESTE"
"ABITAB S A DE BAEREMAECKER CARASSUS Juan Pablo","Batlle y Ordoñez S/N, PAN DE AZUCAR, MALDONADO, Uruguay","PAN DE AZUCAR"
"ABITAB S A Juan Luis Artola Rocha","Ruta 10 S/Nro. Esquina Calle 19, BALNEARIO BUENOS AIRES, MALDONADO, Uruguay","BALNEARIO BUENOS AIRES"
"ABITAB S A Carlos Rodrigo Tabarez","Eduardo Victor Haedo (ex Ruta 10) km 161, local 221, shopping, LA BARRA, MALDONADO, Uruguay","LA BARRA"
"ABITAB S A Entidad pagadora 26","Ruta 39 km 7200 supermercado El Dorado, MALDONADO, MALDONADO, Uruguay","MALDONADO"
"ABITAB S A Agencia 20/88","Av. Aiguá 20000 esq Monterroso, MALDONADO, MALDONADO, Uruguay","MALDONADO"
"ABITAB S A Agencia 20/89","Juan Manuel Blanes s/n entre Grito de Asencio y Av. 9 de Julio, SAUCE DE PORTEZUELO, MALDONADO, Uruguay","SAUCE DE PORTEZUELO"
"ABITAB S A Agencia 20/90","Cervantes 555 esq. J. Batlle y Ordóñez, MALDONADO, MALDONADO, Uruguay","MALDONADO"
"ABITAB S A AGENCIA 20/92","Av. Roosevelt - local 103, Atlántico Shopping, MALDONADO, MALDONADO, Uruguay","MALDONADO"
"ABITAB S A Abitab 26-1020-93","Avda. Alvariza 1180 esq. Heraclio Pérez - Estación Disa, SAN CARLOS, MALDONADO, Uruguay","SAN CARLOS"
"ASOCIACION NACIONAL DE AFILIADOS (ANDA) Maldonado","Sarandi 739, MALDONADO, MALDONADO, Uruguay","MALDONADO"
"ASOCIACION NACIONAL DE AFILIADOS (ANDA) San Carlos","18 de Julio s/n L. 7 Complejo Comercial LAFOR esq. Carlos Cal, SAN CARLOS, MALDONADO, Uruguay","SAN CARLOS"
"POLAKOF Y CIA SA Mercado 18","DODERA 882, MALDONADO, MALDONADO, Uruguay","MALDONADO"
"POLAKOF Y CIA SA Mercado Velázquez","AVDA. BATLLE Y ORDOÑEZ Y MITRE, MALDONADO, MALDONADO, Uruguay","MALDONADO"
"POLAKOF Y CIA SA Mercado San Carlos Ctro.","25 DE AGOSTO Y SARANDI, SAN CARLOS, MALDONADO, Uruguay","SAN CARLOS"
"POLAKOF Y CIA SA Mercado San Carlos Avda.","AVDA. CEBERIO Y RINCON, SAN CARLOS, MALDONADO, Uruguay","SAN CARLOS"
"POLAKOF Y CIA SA Mercado Aiguá Ciudad","GRAL. DE LA LLANA Y MARGARITA MUNIZ, AIGUA, MALDONADO, Uruguay","AIGUA"
"POLAKOF Y CIA SA Mercado Pan de Azúcar","FELIX DE LIZARZA 773, PAN DE AZUCAR, MALDONADO, Uruguay","PAN DE AZUCAR"
"POLAKOF Y CIA SA Mercado Piria","TUCUMAN Y PIRIA, PIRIAPOLIS, MALDONADO, Uruguay","PIRIAPOLIS"
"POLAKOF Y CIA SA Camino Lussich y Messina","CAMINO LUSSICH Y MESSINA, MALDONADO, MALDONADO, Uruguay","MALDONADO"
"NUMMI SA Cambio Bacacay","Florida 758, MALDONADO, MALDONADO, Uruguay","MALDONADO"
"NUMMI SA Cambio Bacacay","Florida 803, MALDONADO, MALDONADO, Uruguay","MALDONADO"
"NUMMI SA Cambio Monex","Rambla de los Argentinos esq Sanabria, PIRIAPOLIS, MALDONADO, Uruguay","PIRIAPOLIS"
"NUMMI SA Gales Servicios Financieros","Gorlero s/n esq 29, PUNTA DEL ESTE, MALDONADO, Uruguay","PUNTA DEL ESTE"
"NUMMI SA Indumex","Punta Shopping, PUNTA DEL ESTE, MALDONADO, Uruguay","PUNTA DEL ESTE"
"NUMMI SA Sub-agencia 195","18 de Julio 951, SAN CARLOS, MALDONADO, Uruguay","SAN CARLOS"
"NUMMI SA Redpagos Maldonado","Rafael del Puerto 685 esq Guerra., MALDONADO, MALDONADO, Uruguay","MALDONADO"
"NUMMI SA Redpagos Aiguá","25 de Agosto 637, AIGUA, MALDONADO, Uruguay","AIGUA"
"NUMMI SA Cambio Aspen Punta del Este","Gorlero esq. 28, PUNTA DEL ESTE, MALDONADO, Uruguay","PUNTA DEL ESTE"
"NUMMI SA Cambio 18","Gorlero 953, PUNTA DEL ESTE, MALDONADO, Uruguay","PUNTA DEL ESTE"
"NUMMI SA Redpagos Pan de Azúcar","Felix de Lizarza 689, PAN DE AZUCAR, MALDONADO, Uruguay","PAN DE AZUCAR"
"NUMMI SA Cambio Monex Piriápolis","Rambla de los Argentinos s/n esq. Artigas, PIRIAPOLIS, MALDONADO, Uruguay","PIRIAPOLIS"
"NUMMI SA Redpagos Barrio Norte","W. Ferreira Aldunate s/n Block A Local 10 Barrio Norte, MALDONADO, MALDONADO, Uruguay","MALDONADO"
"NUMMI SA Cambio Maiorano Campus","Acuña de Figueroa y Ledesma s/n Local 7, MALDONADO, MALDONADO, Uruguay","MALDONADO"
"NUMMI SA Cambio Maiorano La Barra","Ruta 10 esq. Duende Azul, LA BARRA, MALDONADO, Uruguay","LA BARRA"
"NUMMI SA VARLIX SERVICIOS FINANCIEROS JOSÉ IGNACIO","RUTA 10 KM 183500 JOSÉ IGNACIO - ESTACIÓN JOSÉ IGNACIO, ESTACION JOSE IGNACIO, MALDONADO, Uruguay","ESTACION JOSE IGNACIO"
"NUMMI SA Cambio Maiorano San Carlos","18 de Julio 773, SAN CARLOS, MALDONADO, Uruguay","SAN CARLOS"
"NUMMI SA Cambio Maiorano Avda. Aiguá","Av. Aigua s/n entre 19 de Abril y Santa Teresa, MALDONADO, MALDONADO, Uruguay","MALDONADO"
"NUMMI SA Cambio 18","Avda. Gorlero s/n Edif. Torre Libertador Local 003 esq Calle 25, PUNTA DEL ESTE, MALDONADO, Uruguay","PUNTA DEL ESTE"
"NUMMI SA Redpagos Vencer","18 de Julio 604, MALDONADO, MALDONADO, Uruguay","MALDONADO"
"NUMMI SA Cambio Brimar","Calle 31 N° 610, PUNTA DEL ESTE, MALDONADO, Uruguay","PUNTA DEL ESTE"
"NUMMI SA LIREPLAN S.A.","Wilson Ferreira Aldunate s/n, GREGORIO AZNAREZ, MALDONADO, Uruguay","GREGORIO AZNAREZ"
"NUMMI SA Redpagos Barraca Maldonado","Av. Piria 986, PIRIAPOLIS, MALDONADO, Uruguay","PIRIAPOLIS"
"NUMMI SA Redpagos","Calle 31 (Emilio Inzaurraga) N 602 esq. Gorlero, PUNTA DEL ESTE, MALDONADO, Uruguay","PUNTA DEL ESTE"
"NUMMI SA Redpagos RENGOR S.A.","Ruta 39 esq. Islas Canarias - San Carlos - Maldonado, SAN CARLOS, MALDONADO, Uruguay","SAN CARLOS"
"NUMMI SA Redpagos Unired","José Batlle y Ordoñez 1304, MALDONADO, MALDONADO, Uruguay","MALDONADO"
"NUMMI SA Redpagos Aeromar Maldonado","Aparicio Saravia s/n esq.Tacuarembo barrio Sarubbi, MALDONADO, MALDONADO, Uruguay","MALDONADO"
"NUMMI SA Cambio Maiorano Punta del Este","Pedragosa Sierra s/n Local 12 Torre Lafayette, Punta del Este, PUNTA DEL ESTE, MALDONADO, Uruguay","PUNTA DEL ESTE"
"NUMMI SA Redpagos La Sonrisa","Av. Lussich S/N esquina Echurri, La Sonrisa, MALDONADO, MALDONADO, Uruguay","MALDONADO"
"NUMMI SA Redpagos La Ballena","Rta. 10 Km. 117.5 esq. Rosa de los Vientos local 3 Pta.Ballena, MALDONADO, MALDONADO, Uruguay","MALDONADO"
"NUMMI SA REDPAGOS LAUSANA","LEANDRO GOMEZ S/N ESQ, BETA LOCAL 2 BARRIO LAUSANΝΑ, MALDONADO, MALDONADO, Uruguay","MALDONADO"
"NUMMI SA Cambio 18 Punta III","Avda. Gorlero N 905, Punta del Este, PUNTA DEL ESTE, MALDONADO, Uruguay","PUNTA DEL ESTE"
"NUMMI SA Aeromar Outlet del Este","Ruta 39 s/n esq. Luis A. de Herrera, Maldonado, MALDONADO, MALDONADO, Uruguay","MALDONADO"
"NUMMI SA Cambio Maiorano Joaquín de Viana","Dr. Joaquin de Viana s/n esq V. Alegre Ed. La Bahia Local 02, MALDONADO, MALDONADO, Uruguay","MALDONADO"
"NUMMI SA Surhacienda TATA Maldonado","25 de mayo N 600 esq. San Carlos - Maldonado, MALDONADO, MALDONADO, Uruguay","MALDONADO"
"NUMMI SA Cambio Maiorano","Avda. Roosevelt s/n casi esq.Zelmar Michelini- Maldonado, MALDONADO, MALDONADO, Uruguay","MALDONADO"
"NUMMI SA Cambio Maiorano Maldonado Nuevo","Calle 7 y Calle 2, MALDONADO, MALDONADO, Uruguay","MALDONADO"
"NUMMI SA Redpagos Aeromar Maldonado (Dalmaten S.A)","Acuña de Figueroa S/N esquina Suecia, MALDONADO, MALDONADO, Uruguay","MALDONADO"
"NUMMI SA BACACAY SERVICIOS FINANCIEROS ROOSEVELT","Av. Roosevelt parada 11 Punta del Este - Maldonado, PUNTA DEL ESTE, MALDONADO, Uruguay","PUNTA DEL ESTE"
"NUMMI SA BACACAY SERVICIOS FINANCIEROS","Bvar. Artigas s/n - Punta del Este, PUNTA DEL ESTE, MALDONADO, Uruguay","PUNTA DEL ESTE"
"NUMMI SA Bazzanno y Golfarini SRL","Roosvelt Parada 14 Punta del Este, PUNTA DEL ESTE, MALDONADO, Uruguay","PUNTA DEL ESTE"
"NUMMI SA Renglor S.A.","Camino de los Gauchos s/n esquina Francisco Martinez P 29768, MALDONADO, MALDONADO, Uruguay","MALDONADO"
"NUMMI SA Cambio 18-La Barra","Ruta 10 Im 161, LA BARRA, MALDONADO, Uruguay","LA BARRA"
"NUMMI SA Redpagos N° 945","Ruta 10 km 163 Manantiales, MANANTIALES, MALDONADO, Uruguay","MANANTIALES"
"NUMMI SA REDPAGOS LUSSICH","LUSSICH ANTONIO S/N CERRO PELADO, CERRO PELADO, MALDONADO, Uruguay","CERRO PELADO"
"NUMMI SA SURHACIENDA","CALLE 49 ESO. CALLE 25, MALDONADO, MALDONADO, Uruguay","MALDONADO"
"NUMMI SA AEROMAR ESF","Ruta 39 km 7.500 esq. Luis A. de Herrera, MALDONADO, MALDONADO, Uruguay","MALDONADO"
"NUMMI SA REDPAGOS OCEAN","RUTA INTERBALNEARIA KM 109, SAUCE DE PORTEZUELO, SAUCE DE PORTEZUELO, MALDONADO, Uruguay","SAUCE DE PORTEZUELO"
"NUMMI SA Redpagos Del Este","Ruta 39 KM 70, MALDONADO, MALDONADO, Uruguay","MALDONADO"
"NUMMI SA CAMBIO VARLIX SHOPPING ATLANTICO","Avda. Franklin D. Roosevelt 1244, Local 120, PUNTA DEL ESTE, MALDONADO, Uruguay","PUNTA DEL ESTE"
"NUMMI SA Green Boutique La Barra","Av. Eduardo Víctor Haedo s/n - La Barra, LA BARRA, MALDONADO, Uruguay","LA BARRA"
"ABITAB S A AMILTON PRATTES DIEZ","LUIS A. DE HERRERA 925 Local 13, PAYSANDU, PAYSANDU, Uruguay","PAYSANDU"
"ABITAB S A Capital","AV. ESPAÑA 1584 ESQ. VEROCAY, PAYSANDU, PAYSANDU, Uruguay","PAYSANDU"
"ABITAB S A Guichón","18 DE JULIO 308 esq. Orden, GUICHON, PAYSANDU, Uruguay","GUICHON"
"ABITAB S A Capital","ANDRESITO 1382 ESQ VARELA, PAYSANDU, PAYSANDU, Uruguay","PAYSANDU"
"ABITAB S A Agencia N° 21, Sub-Agencia 14","18 de Julio 1008 esq Treinta y Tres, PAYSANDU, PAYSANDU, Uruguay","PAYSANDU"
"ABITAB S A Paysandú","Artigas 1249 esq. Monte Caseros, PAYSANDU, PAYSANDU, Uruguay","PAYSANDU"
"ABITAB S A Paysandú","18 de Julio 1326 entre Vizconde de Maua y Varela, PAYSANDU, PAYSANDU, Uruguay","PAYSANDU"
"ABITAB S A Quebracho","Macario Garcia s/n esq Treinta y Tres, QUEBRACHO, PAYSANDU, Uruguay","QUEBRACHO"
"ABITAB S A Paysandú","Sarandí 1202 esq. Zorrilla de San Martín., PAYSANDU, PAYSANDU, Uruguay","PAYSANDU"
"ABITAB S A Paysandú","18 de Julio 823 esq. Luis Batlle Berres, PAYSANDU, PAYSANDU, Uruguay","PAYSANDU"
"ABITAB S A Paysandú","Washington 1673 Local 009, PAYSANDU, PAYSANDU, Uruguay","PAYSANDU"
"ABITAB S A Agencia 21/21","Shopping Terminal Paysandu, Bvar. Artigas s/n P.Baja Local 2, PAYSANDU, PAYSANDU, Uruguay","PAYSANDU"
"ABITAB S A Agencia N° 21/22","Independencia 93, PAYSANDU, PAYSANDU, Uruguay","PAYSANDU"
"ABITAB S A Chinazzo y otros","Bulevar Artigas 1475, PAYSANDU, PAYSANDU, Uruguay","PAYSANDU"
"ASOCIACION NACIONAL DE AFILIADOS (ANDA) Paysandu","18 de Julio 999 esq. Treinta y Tres, PAYSANDU, PAYSANDU, Uruguay","PAYSANDU"
"NUMMI SA Cambio Bacacay","18 de Julio 1039, PAYSANDU, PAYSANDU, Uruguay","PAYSANDU"
"NUMMI SA Redpagos Mega Créditos","Leandro Gomez 1188 esq Zorrila de San Martin, PAYSANDU, PAYSANDU, Uruguay","PAYSANDU"
"NUMMI SA Cambio Bacacay Paysandú","Av. España 1499 esq. Juncal, PAYSANDU, PAYSANDU, Uruguay","PAYSANDU"
"NUMMI SA Paysandú","Batlle Berres s/n esq. 18 de Julio Estación Petrobras, PAYSANDU, PAYSANDU, Uruguay","PAYSANDU"
"NUMMI SA Redpagos Plaza","Juan Zorrilla de San Martin 5212, PAYSANDU, PAYSANDU, Uruguay","PAYSANDU"
"NUMMI SA Redpagos Hiper TA-TA Indumex Shopping Terminal Paysandu","Av. República Argentina 1680, PAYSANDU, PAYSANDU, Uruguay","PAYSANDU"
"NUMMI SA REDPAGOS TATA NORTE PAYSANDU","Blvar. Gral Artigas s/n, entre 25 de mayo e Ituizango, PAYSANDU, PAYSANDU, Uruguay","PAYSANDU"
"NUMMI SA PAYSANDU","Zorrilla de San Martin N 1705 (Paysandu), PAYSANDU, PAYSANDU, Uruguay","PAYSANDU"
"NUMMI SA REDPAGOS LOS GUICHONENSES","GRAL. ARTIGAS S/N ESQ. FRATERNIDAD, LOCAL 2, GUICHON, PAYSANDU, Uruguay","GUICHON"
"NUMMI SA Redpagos Tata Plaza Artigas. Mintefol S.A.","Zelmar Michelini 911, PAYSANDU, PAYSANDU, Uruguay","PAYSANDU"
"NUMMI SA Redpagos OWL","Avda. Salto 998 - Paysandú, PAYSANDU, PAYSANDU, Uruguay","PAYSANDU"
"NUMMI SA REDPAGOS BANDERA","Wilson Ferreira Aldunate 1665 Esq. Gral. Artigas, PAYSANDU, PAYSANDU, Uruguay","PAYSANDU"
"ABITAB S A Fray Bentos","18 DE JULIO 1698 esq. J. P. Varela, FRAY BENTOS, RIO NEGRO, Uruguay","FRAY BENTOS"
"ABITAB S A Young","RINCON 1753 ESQ TREINTA Y TRES, YOUNG, RIO NEGRO, Uruguay","YOUNG"
"ABITAB S A Fray Bentos","Rincón 1154 esq Treinta y Tres, FRAY BENTOS, RIO NEGRO, Uruguay","FRAY BENTOS"
"ABITAB S A Young","Montevideo 3396 esq Las Piedras, YOUNG, RIO NEGRO, Uruguay","YOUNG"
"ABITAB S A Fray Bentos","Bohanes 3193, FRAY BENTOS, RIO NEGRO, Uruguay","FRAY BENTOS"
"ABITAB S A Abitab 26-1022-12","Grito de Asencio 65000, local 002, Puente Intern. San Martín, FRAY BENTOS, RIO NEGRO, Uruguay","FRAY BENTOS"
"ASOCIACION NACIONAL DE AFILIADOS (ANDA) Fray Bentos","18 de Julio 1399 esq. 19 de Abril, FRAY BENTOS, RIO NEGRO, Uruguay","FRAY BENTOS"
"ASOCIACION NACIONAL DE AFILIADOS (ANDA) Young","19 de Abril 1677 entre Gral. Artigas y Montevideo, YOUNG, RIO NEGRO, Uruguay","YOUNG"
"NUMMI SA Finacam Young","18 de Julio 1676, YOUNG, RIO NEGRO, Uruguay","YOUNG"
"NUMMI SA Priliant SA","18 de Julio 1139, FRAY BENTOS, RIO NEGRO, Uruguay","FRAY BENTOS"
"NUMMI SA Redpagos Young en Cambio","Artigas 3430, YOUNG, RIO NEGRO, Uruguay","YOUNG"
"NUMMI SA Redpagos Nuevo Berlín","18 de Julio s/n entre Lavalleja y José Enrique Rodó, NUEVO BERLIN, RIO NEGRO, Uruguay","NUEVO BERLIN"
"NUMMI SA Redpagos Cambio Marinel","Montevideo 3197 Local 001, YOUNG, RIO NEGRO, Uruguay","YOUNG"
"NUMMI SA Redpagos Comagro","Av. 18 de Julio 1890, YOUNG, RIO NEGRO, Uruguay","YOUNG"
"NUMMI SA PEREZ FRIPP¿LLEANA MELISSA","18 de Julio 1928, Fray Bentos, FRAY BENTOS, RIO NEGRO, Uruguay","FRAY BENTOS"
"NUMMI SA Alvez Curbelo Sergio","18 de julio s/n esq. 25 de mayo ciudad de Algorta, ALGORTA, RIO NEGRO, Uruguay","ALGORTA"
"NUMMI SA Carlos Gastón Gauna Damino","18 de Julio s/n, esq. Roberto Young, ciudad de Fray Bentos, FRAY BENTOS, RIO NEGRO, Uruguay","FRAY BENTOS"
"NUMMI SA REDPAGOS LAS CANTERAS","Coronilla 2551, FRAY BENTOS, RIO NEGRO, Uruguay","FRAY BENTOS"
"ABITAB S A Capital","Sarandí 542 esq. Monseñor Vera, RIVERA, RIVERA, Uruguay","RIVERA"
"ABITAB S A Capital","Pte. Viera 1418 entre Fernandez Crespo y Tranqueras, RIVERA, RIVERA, Uruguay","RIVERA"
"ABITAB S A Rivera","Av. Brasil 301 esq. J. M. Damboriarena, RIVERA, RIVERA, Uruguay","RIVERA"
"ABITAB S A Fros Casal Teresita Gelsi","Avda. 1825 N° 450 esq. Figueroa, RIVERA, RIVERA, Uruguay","RIVERA"
"ABITAB S A Rivera","Sarandí 950 esq. Agustin Ortega (Supermercado TA-TA), RIVERA, RIVERA, Uruguay","RIVERA"
"ABITAB S A Tranqueras","18 de Julio s/n esq. Dr. Diez, TRANQUERAS, RIVERA, Uruguay","TRANQUERAS"
"ABITAB S A Vichadero","Br. Artigas 115, VICHADERO, RIVERA, Uruguay","VICHADERO"
"ABITAB S A Rivera","Manuel Oribe 1269, RIVERA, RIVERA, Uruguay","RIVERA"
"ABITAB S A Rivera","Manuel Oribe 746 esq. Brasil, RIVERA, RIVERA, Uruguay","RIVERA"
"ABITAB S A Minas de Corrales","Dr. Davinson s/n entre 18 de Julio y Dr. Ros, MINAS DE CORRALES, RIVERA, Uruguay","MINAS DE CORRALES"
"ABITAB S A Rivera","Sarandí 1700 Local 26 Shopping Melancia, RIVERA, RIVERA, Uruguay","RIVERA"
"ABITAB S A Carlos Yamandu Rosas","Agraciada 402, RIVERA, RIVERA, Uruguay","RIVERA"
"ASOCIACION NACIONAL DE AFILIADOS (ANDA) Rivera","Sarandí 587 entre Mons Jacinto Vera y Gral Jose Artigas, RIVERA, RIVERA, Uruguay","RIVERA"
"NUMMI SA Salón Frontera","Avda. Brasil 800, RIVERA, RIVERA, Uruguay","RIVERA"
"NUMMI SA Salón Frontera Centro","Agraciada 596, RIVERA, RIVERA, Uruguay","RIVERA"
"NUMMI SA Indumex","Sarandí 496 esq Treinta y Tres, RIVERA, RIVERA, Uruguay","RIVERA"
"NUMMI SA Redpagos Rivera","Ceballos 1020 Bis, RIVERA, RIVERA, Uruguay","RIVERA"
"NUMMI SA Redpagos ""Casa Tito""","18 de Julio 729, TRANQUERAS, RIVERA, Uruguay","TRANQUERAS"
"NUMMI SA Banca Colectiva de Quinielas de Rivera","Sarandí 749, RIVERA, RIVERA, Uruguay","RIVERA"
"NUMMI SA Redpagos Giacoboni","Sarandí 321 Local 2, RIVERA, RIVERA, Uruguay","RIVERA"
"NUMMI SA Redpagos Cambio Fénix","Treinta y Tres 1184, RIVERA, RIVERA, Uruguay","RIVERA"
"NUMMI SA INDUMEX SIÑERIZ SHOPPING","Sepé N° 51 Shopping Siñeriz, Local 5 - Rivera, RIVERA, RIVERA, Uruguay","RIVERA"
"NUMMI SA Giacoboni Servicios de Cobranza","Avda Cuaró 548 - rivera, RIVERA, RIVERA, Uruguay","RIVERA"
"ABITAB S A Chuy","Av. Brasil 371 esq Fosatti, CHUY, ROCHA, Uruguay","CHUY"
"ABITAB S A La Paloma","Av. Solari s/n, LA PALOMA, ROCHA, Uruguay","LA PALOMA"
"ABITAB S A Agencia 24/07","Avda. Nicolás Solari s/n - Local 003 esq. La Virgen, LA PALOMA, ROCHA, Uruguay","LA PALOMA"
"ABITAB S A Capital","25 de Agosto N 79 esq. Ramirez, ROCHA, ROCHA, Uruguay","ROCHA"
"ABITAB S A Velazquez","Hilario Gomez y Mario Sobrero, VELAZQUEZ, ROCHA, Uruguay","VELAZQUEZ"
"ABITAB S A Lascano","Ituzaingó s/n esq. 25 de Agosto, LASCANO, ROCHA, Uruguay","LASCANO"
"ABITAB S A Rocha","Gral. Artigas 242 esq.Zorrilla, ROCHA, ROCHA, Uruguay","ROCHA"
"ABITAB S A Castillos","Dr. P. Ferrer 1336, CASTILLOS, ROCHA, Uruguay","CASTILLOS"
"ABITAB S A Rocha","Gral. Artigas 221 Supermercado Tata, ROCHA, ROCHA, Uruguay","ROCHA"
"ABITAB S A N° 24/18","Mario Anza Esq. Gral. Seregni Terminal de Ombibus de Rocha, ROCHA, ROCHA, Uruguay","ROCHA"
"ABITAB S A Abitad Chuy","Geberal Artigas 275 Esq. Sgto. Francisco de los Santos, CHUY, ROCHA, Uruguay","CHUY"
"ABITAB S A El Chuy","Av. Brasil 553, CHUY, ROCHA, Uruguay","CHUY"
"ASOCIACION NACIONAL DE AFILIADOS (ANDA) Rocha","Gral. Artigas 101 esq 25 de agosto, ROCHA, ROCHA, Uruguay","ROCHA"
"ASOCIACION NACIONAL DE AFILIADOS (ANDA) Chuy","Gral. Artigas 322 Local 1 esq. Laguna del Castillo, CHUY, ROCHA, Uruguay","CHUY"
"POLAKOF Y CIA SA Mercado Lascano","25 DE AGOSTO Y RINCON, LASCANO, ROCHA, Uruguay","LASCANO"
"NUMMI SA Cambio Tres","Av. Artigas 120 esq Brasil, CHUY, ROCHA, Uruguay","CHUY"
"NUMMI SA Redpagos Castillos","Dr. Ferrer 1285, CASTILLOS, ROCHA, Uruguay","CASTILLOS"
"NUMMI SA Lascano","Ituzaingó 1195 esq. José Arigoni, LASCANO, ROCHA, Uruguay","LASCANO"
"NUMMI SA CAMBIO VAL CHUY","Avda. Brasil 557, CHUY, ROCHA, Uruguay","CHUY"
"NUMMI SA Redpagos Cambio Maiorano La Paloma","Avda. Nicolas Solari S/N esq. Avda. Del Navío, LA PALOMA, ROCHA, Uruguay","LA PALOMA"
"NUMMI SA Redpagos San Vicente","Av. 19 de Abril N° 1359, Castillos, CASTILLOS, ROCHA, Uruguay","CASTILLOS"
"NUMMI SA Redpagos Estación Ancap La Coronilla","Ruta 9 km 314300, CORONILLA, ROCHA, Uruguay","CORONILLA"
"NUMMI SA Cambio Maiorano Rocha ( Marinel S.A.)","José Pedro 164 esq. José Enrique Rodó., ROCHA, ROCHA, Uruguay","ROCHA"
"NUMMI SA PAGOS Y COBRANZAS ROCHA","25 de Mayo 240 Esq. Ituizango, ROCHA, ROCHA, Uruguay","ROCHA"
"NUMMI SA PAGOS Y COBRANZAS ROCHA","18 de Julio 1997, ROCHA, ROCHA, Uruguay","ROCHA"
"NUMMI SA REDPAGOS CEBOLLATI","Treinta y Tres S/N Esq. San Miguel, CEBOLLATI, ROCHA, Uruguay","CEBOLLATI"
"ABITAB S A Capital","URUGUAY 1598 ESQ MICHELINI, SALTO, SALTO, Uruguay","SALTO"
"ABITAB S A Capital","Av. Uruguay 547 esq Zorrilla, SALTO, SALTO, Uruguay","SALTO"
"ABITAB S A Luis Alberto García Rodríguez","Agraciada 1993 esq. 1º de Mayo, SALTO, SALTO, Uruguay","SALTO"
"ABITAB S A Salto","Avda. José Batlle y Ordoñez 2265 Local 116 Shopping Salto, SALTO, SALTO, Uruguay","SALTO"
"ABITAB S A Salto","ARTIGAS 798 ESQ. LARRAÑAGA, SALTO, SALTO, Uruguay","SALTO"
"ABITAB S A Salto","Av. Uruguay 906, SALTO, SALTO, Uruguay","SALTO"
"ABITAB S A Salto","Grito de Asencio 1499 Supermercado Tata, esq. Silvestre Blanco, SALTO, SALTO, Uruguay","SALTO"
"ABITAB S A Salto","Blandengues 393, SALTO, SALTO, Uruguay","SALTO"
"ASOCIACION NACIONAL DE AFILIADOS (ANDA) Salto","AV. URUGUAY 820 ENTRE DAMASO A LARRAÑAGA Y TREINTA Y TRES, SALTO, SALTO, Uruguay","SALTO"
"NUMMI SA Cambio Salto Grande","Uruguay 601, SALTO, SALTO, Uruguay","SALTO"
"NUMMI SA Cambio INDUMEX","Shopping Salto Local 112, SALTO, SALTO, Uruguay","SALTO"
"NUMMI SA Redpagos La Esquina del Este","Gutierrez Ruiz 221 esq. 19 de Abril, SALTO, SALTO, Uruguay","SALTO"
"NUMMI SA Redpagos Banca Salto","Uruguay 948, SALTO, SALTO, Uruguay","SALTO"
"NUMMI SA Redpagos Tata Salto","Dr. Francisco Soca 220 esq. 19 de Abril, SALTO, SALTO, Uruguay","SALTO"
"NUMMI SA Redpagos Supermercado San José","Apolón de Mirbeck 1058, SALTO, SALTO, Uruguay","SALTO"
"NUMMI SA Redpagos A & G","Orestes Lanza 665, SALTO, SALTO, Uruguay","SALTO"
"NUMMI SA Redpagos La Pinturería","Charrúa 491, SALTO, SALTO, Uruguay","SALTO"
"NUMMI SA Redpagos San José I","José Pedro Varela 2399, SALTO, SALTO, Uruguay","SALTO"
"NUMMI SA Redpagos Villa Constitución","Domingo Perez 499 esq. Tacuarembó, CONSTITUCION, SALTO, Uruguay","CONSTITUCION"
"NUMMI SA Redpagos Agencia Quintana","8 de Octubre 800, SALTO, SALTO, Uruguay","SALTO"
"NUMMI SA GADOWEL SA","Ruta 3 km 484 s/n, SALTO, SALTO, Uruguay","SALTO"
"NUMMI SA Redpagos Puerta del Este II","Manuel Oribe 5576 - Salto, SALTO, SALTO, Uruguay","SALTO"
"ABITAB S A Delta del Tigre y Villas","RUTA 1 KM. 28.800 ENTRE SANTIAGO CHALAR Y PEREZ BUSTOS, DELTA DEL TIGRE Y VILLAS, SAN JOSE, Uruguay","DELTA DEL TIGRE Y VILLAS"
"ABITAB S A Abitad S.A.","18 de Julio 489, SAN JOSE DE MAYO, SAN JOSE, Uruguay","SAN JOSE DE MAYO"
"ABITAB S A Libertad","25 DE AGOSTO 970 b entre Evaristo Ciganda y Medina, LIBERTAD, SAN JOSE, Uruguay","LIBERTAD"
"ABITAB S A Ecilda Paullier","AV. ARTIGAS S/N ESQ. J. ZORRILLA DE SAN MARTIN, ECILDA PAULLIER, SAN JOSE, Uruguay","ECILDA PAULLIER"
"ABITAB S A Capital","Luis Alberto de Herrera 518 entre Treinta y Tres y 25 de mayo, SAN JOSE DE MAYO, SAN JOSE, Uruguay","SAN JOSE DE MAYO"
"ABITAB S A Rincón de la Bolsa","Ruta 1 vieja Km. 26.100, CIUDAD DEL PLATA, SAN JOSE, Uruguay","CIUDAD DEL PLATA"
"ABITAB S A Capital","Rincón 850 esq Bentanur, SAN JOSE DE MAYO, SAN JOSE, Uruguay","SAN JOSE DE MAYO"
"ABITAB S A Playa Pascual","Río de la Plata s/n esq. Parada 7, PLAYA PASCUAL, SAN JOSE, Uruguay","PLAYA PASCUAL"
"ABITAB S A Libertad","Avenida Wilson Ferreira Aldunate s/n esq. José Enrique Rodó, LIBERTAD, SAN JOSE, Uruguay","LIBERTAD"
"ABITAB S A Ciudad del Plata","Ruta 1 Vieja Km. 23.200, CIUDAD DEL PLATA, SAN JOSE, Uruguay","CIUDAD DEL PLATA"
"ABITAB S A Villa Rodríguez","León Jude 1025, RODRIGUEZ, SAN JOSE, Uruguay","RODRIGUEZ"
"ABITAB S A Castrillo Parodi Leonardo y Basso Bentancor L.","Ruta 1 Km. 72 entre Gral. José Artigas y San José, RAFAEL PERAZZA, SAN JOSE, Uruguay","RAFAEL PERAZZA"
"ABITAB S A San José","Avda. Nicolás Guerra 213, SAN JOSE DE MAYO, SAN JOSE, Uruguay","SAN JOSE DE MAYO"
"ABITAB S A San José de Mayo","RUTA 3 y RUTA 11 KM 92-ESTACION ANCAP, SAN JOSE DE MAYO, SAN JOSE, Uruguay","SAN JOSE DE MAYO"
"ABITAB S A Sub Agencia 1026/19","Ruta 1 (vieja) 31.800 Km, CIUDAD DEL PLATA, SAN JOSE, Uruguay","CIUDAD DEL PLATA"
"ABITAB S A Abitad S.A.","Ruta 1 km 32, PLAYA PASCUAL, SAN JOSE, Uruguay","PLAYA PASCUAL"
"ASOCIACION NACIONAL DE AFILIADOS (ANDA) San Jose","ASAMBLEA 600 ESQ. SARANDI, SAN JOSE DE MAYO, SAN JOSE, Uruguay","SAN JOSE DE MAYO"
"ASOCIACION NACIONAL DE AFILIADOS (ANDA) Libertad","25 de Agosto 948, LIBERTAD, SAN JOSE, Uruguay","LIBERTAD"
"ASOCIACION NACIONAL DE AFILIADOS (ANDA) Playa Pascual","Avda. Rio de la Plata, Parada 3 y 1/2 esq. 17 mts., PLAYA PASCUAL, SAN JOSE, Uruguay","PLAYA PASCUAL"
"NUMMI SA Redpagos Playa Pascual","Ruta 1 Vieja Km.31.800, PLAYA PASCUAL, SAN JOSE, Uruguay","PLAYA PASCUAL"
"NUMMI SA Redpagos Libertad","25 de Agosto 1153, LIBERTAD, SAN JOSE, Uruguay","LIBERTAD"
"NUMMI SA Redpagos Rafael Peraza","RUTA 1, KM. 72. N° 561 (Cariplal), RAFAEL PERAZZA, SAN JOSE, Uruguay","RAFAEL PERAZZA"
"NUMMI SA REDPAGOS HERRERA","Herrera 201, SAN JOSE DE MAYO, SAN JOSE, Uruguay","SAN JOSE DE MAYO"
"NUMMI SA Zunino Vero Maria Noel","León Jude 991, RODRIGUEZ, SAN JOSE, Uruguay","RODRIGUEZ"
"NUMMI SA Redpagos Puntas de Valdez","Ruta 1 Vieja Km. 61 esq. Domingo Russo, PUNTAS DE VALDEZ, SAN JOSE, Uruguay","PUNTAS DE VALDEZ"
"NUMMI SA Redpagos Delta del Tigre","Av. Las Perlas M 62, S 2 esq. La Gotera, DELTA DEL TIGRE Y VILLAS, SAN JOSE, Uruguay","DELTA DEL TIGRE Y VILLAS"
"NUMMI SA ΤΟΤΟ ΤΟΥ SAS","Av. Artigas s/n esq. Agustina Gomez, ECILDA PAULLIER, SAN JOSE, Uruguay","ECILDA PAULLIER"
"NUMMI SA Redpagos y Cambio Iberia","25 de Mayo s/n esq. Ciganda, SAN JOSE DE MAYO, SAN JOSE, Uruguay","SAN JOSE DE MAYO"
"NUMMI SA Paola Gervasini Ferrer y Laura Macarena Parodi","Av. Rio de la Plata s/n Parada 3 Local 3, PLAYA PASCUAL, SAN JOSE, Uruguay","PLAYA PASCUAL"
"NUMMI SA Redpagos del Plata","Ruta 1 Vieja Km. 27600 Manz. 9 Solar 137 Autódromo Nacional, CIUDAD DEL PLATA, SAN JOSE, Uruguay","CIUDAD DEL PLATA"
"NUMMI SA Redpagos Avenida Norte","Manuel D. Rodriguez S/N esq. Artigas, SAN JOSE DE MAYO, SAN JOSE, Uruguay","SAN JOSE DE MAYO"
"NUMMI SA Redpagos Super Noel","25 de mayo N 1114 esq. Lavalleja, ciudad de Libertad, LIBERTAD, SAN JOSE, Uruguay","LIBERTAD"
"NUMMI SA REDPAGOS CENTRO SAN JOSE","18 de julio 584 entre Sarandi y 25 de mayo, SAN JOSE DE MAYO, SAN JOSE, Uruguay","SAN JOSE DE MAYO"
"ABITAB S A CABINTUR S.A.","DR. SOSA S/N ESQ. ARTIGAS, CARDONA, SORIANO, Uruguay","CARDONA"
"ABITAB S A Dolores","18 DE JULIO 1799 ESQ. AGRACIADA, DOLORES, SORIANO, Uruguay","DOLORES"
"ABITAB S A Mercedes","18 DE JULIO 268 ESQ. CASTRO, MERCEDES, SORIANO, Uruguay","MERCEDES"
"ABITAB S A Mercedes","ARTIGAS 341 ESQ. JOSE E. RODO (Supermercado TA-TA), MERCEDES, SORIANO, Uruguay","MERCEDES"
"ABITAB S A José E. Rodo","RUTA 2 Y 25 DE AGOSTO, JOSE ENRIQUE RODO, SORIANO, Uruguay","JOSE ENRIQUE RODO"
"ABITAB S A Mercedes","Don Bosco 734 Local 22 entre Artigas y Colon Terminal Shoping, MERCEDES, SORIANO, Uruguay","MERCEDES"
"ABITAB S A Mercedes","Lavalleja s/n esq Roosevelt, MERCEDES, SORIANO, Uruguay","MERCEDES"
"ABITAB S A Rosas Risso Carlos Yamandú y otros","Artigas 1099 esq. 25 de Mayo-Est.Petrobras, DOLORES, SORIANO, Uruguay","DOLORES"
"ABITAB S A Dolores","Pastor Sotura 1234, DOLORES, SORIANO, Uruguay","DOLORES"
"ABITAB S A Cabintur SA","José Enrique Rodó 903 esquina José Pedro Varela, MERCEDES, SORIANO, Uruguay","MERCEDES"
"ASOCIACION NACIONAL DE AFILIADOS (ANDA) Mercedes","Wilson Ferreira Aldunate 721, MERCEDES, SORIANO, Uruguay","MERCEDES"
"ASOCIACION NACIONAL DE AFILIADOS (ANDA) Dolores","ASENCIO 1640 BIS ENTRE ARTIGAS Y JUSTO PASTOR SOTURA, DOLORES, SORIANO, Uruguay","DOLORES"
"NUMMI SA Cambio Iberioa-Dolores","Grito de Asencio 1606, DOLORES, SORIANO, Uruguay","DOLORES"
"NUMMI SA Agencias Cabanelas","Colon 260, MERCEDES, SORIANO, Uruguay","MERCEDES"
"NUMMI SA Cardona","Br. Cardona 1395, CARDONA, SORIANO, Uruguay","CARDONA"
"NUMMI SA Redpagos Palmitas","Vicente Orcoyen s/n esq. Peruchen, PALMITAS, SORIANO, Uruguay","PALMITAS"
"NUMMI SA Redpagos Pueblo Risso","Calle 6 Estación Ancap, RISSO, SORIANO, Uruguay","RISSO"
"NUMMI SA Cambio Obelisco Mercedes","Don Bosco 734 L. 7, MERCEDES, SORIANO, Uruguay","MERCEDES"
"NUMMI SA Redpagos Crosi","28 de Febrero N 394, barrio centro Mercedes, MERCEDES, SORIANO, Uruguay","MERCEDES"
"NUMMI SA Redpagos El Colmenar - Soriano","Avenida Asencio 2083, DOLORES, SORIANO, Uruguay","DOLORES"
"NUMMI SA RED PAGO DIAZ GRASSO","ALFONSO GREEN S/N, SANTA CATALINA, SORIANO, Uruguay","SANTA CATALINA"
"NUMMI SA Redpagos Fierro Lapaz","Calle 2 esq. Ruta2, Ciudad José Enrique Rodó, JOSE ENRIQUE RODO, SORIANO, Uruguay","JOSE ENRIQUE RODO"
"NUMMI SA Redpagos Alto Sur","Constituyente N 820, Mercedes, MERCEDES, SORIANO, Uruguay","MERCEDES"
"NUMMI SA FADICLASS SAS","Luis A. de Herrera esq. Paysandú, MERCEDES, SORIANO, Uruguay","MERCEDES"
"NUMMI SA ALTO SUR 6 MERCEDES","Gral. Gervasio Galarza 505 - Mercedes, MERCEDES, SORIANO, Uruguay","MERCEDES"
"ABITAB S A Capital","18 DE JULIO 270 entre 25 de Agosto y Sarandí, TACUAREMBO, TACUAREMBO, Uruguay","TACUAREMBO"
"ABITAB S A Paso de Los Toros","18 de Julio 759 esq Adelaida Puyol, PASO DE LOS TOROS, TACUAREMBO, Uruguay","PASO DE LOS TOROS"
"ABITAB S A Capital","25 DE MAYO 375 ESQ. ELIAS ABDO, TACUAREMBO, TACUAREMBO, Uruguay","TACUAREMBO"
"ABITAB S A Tacuarembó","Pablo Ríos y Ruta 5, TACUAREMBO, TACUAREMBO, Uruguay","TACUAREMBO"
"ABITAB S A Tacuarembó","25 de Mayo 185 entre Joaquin Suarez y Artigas, TACUAREMBO, TACUAREMBO, Uruguay","TACUAREMBO"
"ABITAB S A Tacuarembo","Joaquín Suarez 259 esq. Treinta y Tres Supermercado TA-TA, TACUAREMBO, TACUAREMBO, Uruguay","TACUAREMBO"
"ABITAB S A Villa Ansina","Ruta 26 Km. 288.5, ANSINA, TACUAREMBO, Uruguay","ANSINA"
"ABITAB S A San Gregorio de Polanco","Av. Artigas N° 149, SAN GREGORIO DE POLANCO, TACUAREMBO, Uruguay","SAN GREGORIO DE POLANCO"
"ABITAB S A Paso de los Toros","Sarandí 314, PASO DE LOS TOROS, TACUAREMBO, Uruguay","PASO DE LOS TOROS"
"ABITAB S A Agencia N° 28/15","Treinta y Tres 425, TACUAREMBO, TACUAREMBO, Uruguay","TACUAREMBO"
"ABITAB S A Agencia 28 sub ag. 16 Yasu Pablo Aizpun Canales","18 de Julio 1052 esquina Angela Balsamo, PASO DE LOS TOROS, TACUAREMBO, Uruguay","PASO DE LOS TOROS"
"ASOCIACION NACIONAL DE AFILIADOS (ANDA) Tacuarembó","25 DE AGOSTO 216 esq. 18 de Julio, TACUAREMBO, TACUAREMBO, Uruguay","TACUAREMBO"
"ASOCIACION NACIONAL DE AFILIADOS (ANDA) PASO DE LOS TOROS","Dr. Berruti 340 entre Leandro Gomez y Pbro. Sebastian Barreto, PASO DE LOS TOROS, TACUAREMBO, Uruguay","PASO DE LOS TOROS"
"NUMMI SA Mas Cambio","18 de Julio 252, TACUAREMBO, TACUAREMBO, Uruguay","TACUAREMBO"
"NUMMI SA Inmobiliaria Pichán","Leandro Gomez 510, PASO DE LOS TOROS, TACUAREMBO, Uruguay","PASO DE LOS TOROS"
"NUMMI SA Redpagos San Gregorio","Antonio J. Mollo s/n esq. Dr. Gamba, SAN GREGORIO DE POLANCO, TACUAREMBO, Uruguay","SAN GREGORIO DE POLANCO"
"NUMMI SA Redpagos Catalina","Dr. Catalina 229, TACUAREMBO, TACUAREMBO, Uruguay","TACUAREMBO"
"NUMMI SA GONZALO DAMIAN KLEM RODRIGUEZ","Av. Oliver 33, TACUAREMBO, TACUAREMBO, Uruguay","TACUAREMBO"
"NUMMI SA Redpagos Victoria I","Br. Artigas 208 esq. Emilia Grassi Paso de los Toros, PASO DE LOS TOROS, TACUAREMBO, Uruguay","PASO DE LOS TOROS"
"NUMMI SA Redpagos Iporá","Hector Gutierrez Ruiz N° 14, TACUAREMBO, TACUAREMBO, Uruguay","TACUAREMBO"
"NUMMI SA Redpagos La Vía","Pablo Ríos N 428, TACUAREMBO, TACUAREMBO, Uruguay","TACUAREMBO"
"NUMMI SA Redpagos Talbus","Angela Balsamo de Lopez 460, PASO DE LOS TOROS, TACUAREMBO, Uruguay","PASO DE LOS TOROS"
"NUMMI SA Redpagos La Cruz","Av. 18 de Julio 497 esq. Castagneto, TACUAREMBO, TACUAREMBO, Uruguay","TACUAREMBO"
"NUMMI SA Redpagos Minimarket El Hongo","Bvar. Rodríguez Correa N°52, TACUAREMBO, TACUAREMBO, Uruguay","TACUAREMBO"
"NUMMI SA Terminal Tacuarembo","Victorino Pereira N 351, TACUAREMBO, TACUAREMBO, Uruguay","TACUAREMBO"
"ABITAB S A Vergara","Marcelo Barreto 1227 entre Fortunato Hara y Jacinto Ruiz, VERGARA, TREINTA Y TRES, Uruguay","VERGARA"
"ABITAB S A Pago Oriental S. R. L.","Juan Antonio Lavalleja 650 esq. Manuel Melendez, TREINTA Y TRES, TREINTA Y TRES, Uruguay","TREINTA Y TRES"
"ABITAB S A PAGO ORIENTAL S.R.L.","Juan A. Lavalleja 1261 esq Santiago Gadea, TREINTA Y TRES, TREINTA Y TRES, Uruguay","TREINTA Y TRES"
"ABITAB S A Treinta y Tres","Aparicio Saravia 574 entre Jose Reventos y Juan Ortiz, TREINTA Y TRES, TREINTA Y TRES, Uruguay","TREINTA Y TRES"
"ABITAB S A Treinta y Tres","Juan A. Lavalleja 1774, TREINTA Y TRES, TREINTA Y TRES, Uruguay","TREINTA Y TRES"
"ABITAB S A Santa Clara de Olimar","25 de Agosto s/n esq. Benito Viramontes, SANTA CLARA DE OLIMAR, TREINTA Y TRES, Uruguay","SANTA CLARA DE OLIMAR"
"ASOCIACION NACIONAL DE AFILIADOS (ANDA) Treinta y Tres","Juan A. Lavalleja 1350 esq Basilio Araujo, TREINTA Y TRES, TREINTA Y TRES, Uruguay","TREINTA Y TRES"
"POLAKOF Y CIA SA Mercado Treinta y Tres","BASILIO ARAUJO 1067, TREINTA Y TRES, TREINTA Y TRES, Uruguay","TREINTA Y TRES"
"POLAKOF Y CIA SA Mercado Obelisco","JOSE E. RODO 1559, TREINTA Y TRES, TREINTA Y TRES, Uruguay","TREINTA Y TRES"
"NUMMI SA Redpagos Ancap Treinta y Tres","Ruta 8 km 286, TREINTA Y TRES, TREINTA Y TRES, Uruguay","TREINTA Y TRES"
"NUMMI SA Redpagos Cerro Chato","Av. Centenario s/n, CERRO CHATO, TREINTA Y TRES, Uruguay","CERRO CHATO"
